#
# There is insufficient memory for the Java Runtime Environment to continue.
# Native memory allocation (mmap) failed to map 205520896 bytes. Error detail: G1 virtual space
# Possible reasons:
#   The system is out of physical RAM or swap space
#   This process is running with CompressedOops enabled, and the Java Heap may be blocking the growth of the native heap
# Possible solutions:
#   Reduce memory load on the system
#   Increase physical memory or swap space
#   Check if swap backing store is full
#   Decrease Java heap size (-Xmx/-Xms)
#   Decrease number of Java threads
#   Decrease Java thread stack sizes (-Xss)
#   Set larger code cache with -XX:ReservedCodeCacheSize=
#   JVM is running with Zero Based Compressed Oops mode in which the Java heap is
#     placed in the first 32GB address space. The Java Heap base address is the
#     maximum limit for the native heap growth. Please use -XX:HeapBaseMinAddress
#     to set the Java Heap base and to place the Java Heap above 32GB virtual address.
# This output file may be truncated or incomplete.
#
#  Out of Memory Error (os_windows.cpp:3713), pid=22136, tid=16964
#
# JRE version: OpenJDK Runtime Environment Temurin-21.0.9+10 (21.0.9+10) (build 21.0.9+10-LTS)
# Java VM: OpenJDK 64-Bit Server VM Temurin-21.0.9+10 (21.0.9+10-LTS, mixed mode, sharing, tiered, compressed oops, compressed class ptrs, g1 gc, windows-amd64)
# No core dump will be written. Minidumps are not enabled by default on client versions of Windows
#

---------------  S U M M A R Y ------------

Command Line: --add-opens=java.base/java.lang=ALL-UNNAMED --add-opens=java.base/java.lang.invoke=ALL-UNNAMED --add-opens=java.base/java.util=ALL-UNNAMED --add-opens=java.prefs/java.util.prefs=ALL-UNNAMED --add-exports=jdk.compiler/com.sun.tools.javac.api=ALL-UNNAMED --add-exports=jdk.compiler/com.sun.tools.javac.util=ALL-UNNAMED --add-opens=java.base/java.util=ALL-UNNAMED --add-opens=java.prefs/java.util.prefs=ALL-UNNAMED --add-opens=java.base/java.nio.charset=ALL-UNNAMED --add-opens=java.base/java.net=ALL-UNNAMED --add-opens=java.base/java.util.concurrent.atomic=ALL-UNNAMED --add-opens=java.xml/javax.xml.namespace=ALL-UNNAMED -Xmx3G -Dfile.encoding=UTF-8 -Duser.country=ID -Duser.language=en -Duser.variant -javaagent:C:\Users\fmrif\.gradle\wrapper\dists\gradle-8.11-bin\c4te04g51qsyw1bxcb929u7br\gradle-8.11\lib\agents\gradle-instrumentation-agent-8.11.jar org.gradle.launcher.daemon.bootstrap.GradleDaemon 8.11

Host: AMD Ryzen 5 3600 6-Core Processor              , 12 cores, 15G,  Windows 11 , 64 bit Build 26100 (10.0.26100.7019)
Time: Mon Dec  8 22:18:27 2025 SE Asia Standard Time elapsed time: 235.408010 seconds (0d 0h 3m 55s)

---------------  T H R E A D  ---------------

Current thread (0x0000022dadcce240):  VMThread "VM Thread"          [id=16964, stack(0x000000d800a00000,0x000000d800b00000) (1024K)]

Stack: [0x000000d800a00000,0x000000d800b00000]
Native frames: (J=compiled Java code, j=interpreted, Vv=VM code, C=native code)
V  [jvm.dll+0x6d6e29]
V  [jvm.dll+0x8b4b76]
V  [jvm.dll+0x8b712e]
V  [jvm.dll+0x8b7813]
V  [jvm.dll+0x283d86]
V  [jvm.dll+0x6d3745]
V  [jvm.dll+0x6c747a]
V  [jvm.dll+0x35e7e8]
V  [jvm.dll+0x366426]
V  [jvm.dll+0x3b73fe]
V  [jvm.dll+0x3b76a8]
V  [jvm.dll+0x3329ec]
V  [jvm.dll+0x332a77]
V  [jvm.dll+0x37684c]
V  [jvm.dll+0x374fee]
V  [jvm.dll+0x332131]
V  [jvm.dll+0x37465a]
V  [jvm.dll+0x8bd500]
V  [jvm.dll+0x8be8a4]
V  [jvm.dll+0x8bede0]
V  [jvm.dll+0x8bf083]
V  [jvm.dll+0x85e9ad]
V  [jvm.dll+0x6d565d]
C  [ucrtbase.dll+0x37b0]
C  [KERNEL32.DLL+0x2e8d7]
C  [ntdll.dll+0x8c53c]

VM_Operation (0x000000d80ecfdb90): G1CollectForAllocation, mode: safepoint, requested by thread 0x0000022df7c42a10


---------------  P R O C E S S  ---------------

Threads class SMR info:
_java_thread_list=0x0000022df7092ec0, length=219, elements={
0x0000022d8f7ef3f0, 0x0000022dadcf0a80, 0x0000022dadcf35e0, 0x0000022dadcf4ab0,
0x0000022dadcf5500, 0x0000022dadcf5f50, 0x0000022dadcf69a0, 0x0000022dadcf7720,
0x0000022dadcfa1c0, 0x0000022df3261320, 0x0000022df3248050, 0x0000022df4bc8d80,
0x0000022df4abf4b0, 0x0000022df4ab3c10, 0x0000022df4d31710, 0x0000022df4d41f50,
0x0000022df4d5fec0, 0x0000022df4d526c0, 0x0000022df4c3a6b0, 0x0000022df4c3b3d0,
0x0000022df4c3ce10, 0x0000022df4c3ad40, 0x0000022df4c3c780, 0x0000022df4c3d4a0,
0x0000022df4c3ba60, 0x0000022df4c3c0f0, 0x0000022df4c3a020, 0x0000022df5090150,
0x0000022df508f430, 0x0000022df50907e0, 0x0000022df508eda0, 0x0000022df508e710,
0x0000022df5090e70, 0x0000022df508e080, 0x0000022df5092220, 0x0000022df50928b0,
0x0000022df508fac0, 0x0000022df50942f0, 0x0000022df50956a0, 0x0000022df5092f40,
0x0000022df50935d0, 0x0000022df5093c60, 0x0000022df5095010, 0x0000022df5094980,
0x0000022df7e47e50, 0x0000022df7e477c0, 0x0000022df7e45060, 0x0000022df7e484e0,
0x0000022df7e48b70, 0x0000022df7e456f0, 0x0000022df7e49200, 0x0000022df7e45d80,
0x0000022df7e49890, 0x0000022df7e46410, 0x0000022df7e49f20, 0x0000022df7e47130,
0x0000022df7e46aa0, 0x0000022df7e4ac40, 0x0000022df7e4a5b0, 0x0000022df7e4b2d0,
0x0000022df7e4b960, 0x0000022df7e4bff0, 0x0000022df7e4c680, 0x0000022df7e83550,
0x0000022df7e80df0, 0x0000022df7e81b10, 0x0000022df7e821a0, 0x0000022df7e800d0,
0x0000022df7e83be0, 0x0000022df7e80760, 0x0000022df7e82ec0, 0x0000022df7e84270,
0x0000022df7e84900, 0x0000022df7e81480, 0x0000022df7e84f90, 0x0000022df7e85620,
0x0000022df7e85cb0, 0x0000022df7e82830, 0x0000022df7e86340, 0x0000022df7e869d0,
0x0000022df7e87060, 0x0000022df7e876f0, 0x0000022df7d6a790, 0x0000022df7d6ae20,
0x0000022df7d6b4b0, 0x0000022df7d6bb40, 0x0000022df7d6c1d0, 0x0000022df7d68d50,
0x0000022df7d6a100, 0x0000022df7d6c860, 0x0000022df7d693e0, 0x0000022df7d6cef0,
0x0000022df7d69a70, 0x0000022df7d6e930, 0x0000022df7d6dc10, 0x0000022df7d6f650,
0x0000022df7d70370, 0x0000022df6ddc630, 0x0000022df6ddccc0, 0x0000022df6ddd350,
0x0000022df6ddbfa0, 0x0000022df6ddd9e0, 0x0000022df6dda560, 0x0000022df6ddabf0,
0x0000022df6dde070, 0x0000022df6ddb280, 0x0000022df6dde700, 0x0000022df6dded90,
0x0000022df6ddb910, 0x0000022df6ddf420, 0x0000022df6ddfab0, 0x0000022df6de0140,
0x0000022df6de0e60, 0x0000022df6de14f0, 0x0000022df6de07d0, 0x0000022df6de1b80,
0x0000022df3271be0, 0x0000022df3273620, 0x0000022df3274340, 0x0000022df3272900,
0x0000022df3273cb0, 0x0000022df32756f0, 0x0000022df3272270, 0x0000022df3279200,
0x0000022df3276410, 0x0000022df32777c0, 0x0000022df3277e50, 0x0000022df3278b70,
0x0000022df32784e0, 0x0000022df3276aa0, 0x0000022df3461260, 0x0000022df3461f80,
0x0000022df34618f0, 0x0000022df3460540, 0x0000022df345feb0, 0x0000022df3460bd0,
0x0000022df345f820, 0x0000022df345f190, 0x0000022df3462ca0, 0x0000022df3464d70,
0x0000022df3465400, 0x0000022df3465a90, 0x0000022df3463330, 0x0000022df3462610,
0x0000022df34667b0, 0x0000022df34646e0, 0x0000022df34639c0, 0x0000022df3464050,
0x0000022df3466120, 0x0000022df9301460, 0x0000022df9300dd0, 0x0000022df9301af0,
0x0000022df9302ea0, 0x0000022df9302810, 0x0000022df9303530, 0x0000022df9300740,
0x0000022df9302180, 0x0000022df93000b0, 0x0000022df9305600, 0x0000022df9304250,
0x0000022df93069b0, 0x0000022df9305c90, 0x0000022df9306320, 0x0000022df93048e0,
0x0000022df93076d0, 0x0000022df9304f70, 0x0000022df9307040, 0x0000022df8bd9e60,
0x0000022df8bda4f0, 0x0000022df8bd8ab0, 0x0000022df8bdab80, 0x0000022df8bdb8a0,
0x0000022df8bdb210, 0x0000022df8bd9140, 0x0000022df8bd97d0, 0x0000022df8bd8420,
0x0000022df8bdc5c0, 0x0000022df8bdcc50, 0x0000022df8be00d0, 0x0000022df8be21a0,
0x0000022df8be1480, 0x0000022df8be1b10, 0x0000022df8be2830, 0x0000022df8be2ec0,
0x0000022df8be3550, 0x0000022df8be3be0, 0x0000022df8be0760, 0x0000022df8be69d0,
0x0000022df8be76f0, 0x0000022df8be7060, 0x0000022df9c2f070, 0x0000022df9c2fd90,
0x0000022df9c2c910, 0x0000022df9c32b80, 0x0000022df9c31140, 0x0000022df9c324f0,
0x0000022df9c317d0, 0x0000022df9c31e60, 0x0000022df9c33210, 0x0000022df9c338a0,
0x0000022df9c33f30, 0x0000022df9c30ab0, 0x0000022df9c35970, 0x0000022df9c39480,
0x0000022df9c37a40, 0x0000022df9c36d20, 0x0000022df9c380d0, 0x0000022df9c36000,
0x0000022df9c34c50, 0x0000022df9c38760, 0x0000022df9c36690, 0x0000022df9c39b10,
0x0000022df9c3a1a0, 0x0000022df9c3a830, 0x0000022df7c42a10, 0x0000022df7c42380,
0x0000022df7c45800, 0x0000022df84a62c0, 0x0000022df84a5bf0
}

Java Threads: ( => current thread )
  0x0000022d8f7ef3f0 JavaThread "main"                              [_thread_blocked, id=19704, stack(0x000000d800300000,0x000000d800400000) (1024K)]
  0x0000022dadcf0a80 JavaThread "Reference Handler"          daemon [_thread_blocked, id=19192, stack(0x000000d800b00000,0x000000d800c00000) (1024K)]
  0x0000022dadcf35e0 JavaThread "Finalizer"                  daemon [_thread_blocked, id=10192, stack(0x000000d800c00000,0x000000d800d00000) (1024K)]
  0x0000022dadcf4ab0 JavaThread "Signal Dispatcher"          daemon [_thread_blocked, id=10880, stack(0x000000d800d00000,0x000000d800e00000) (1024K)]
  0x0000022dadcf5500 JavaThread "Attach Listener"            daemon [_thread_blocked, id=11524, stack(0x000000d800e00000,0x000000d800f00000) (1024K)]
  0x0000022dadcf5f50 JavaThread "Service Thread"             daemon [_thread_blocked, id=9820, stack(0x000000d800f00000,0x000000d801000000) (1024K)]
  0x0000022dadcf69a0 JavaThread "Monitor Deflation Thread"   daemon [_thread_blocked, id=25052, stack(0x000000d801000000,0x000000d801100000) (1024K)]
  0x0000022dadcf7720 JavaThread "C2 CompilerThread0"         daemon [_thread_blocked, id=23564, stack(0x000000d801100000,0x000000d801200000) (1024K)]
  0x0000022dadcfa1c0 JavaThread "C1 CompilerThread0"         daemon [_thread_blocked, id=7108, stack(0x000000d801200000,0x000000d801300000) (1024K)]
  0x0000022df3261320 JavaThread "Common-Cleaner"             daemon [_thread_blocked, id=21196, stack(0x000000d801300000,0x000000d801400000) (1024K)]
  0x0000022df3248050 JavaThread "Notification Thread"        daemon [_thread_blocked, id=3364, stack(0x000000d801500000,0x000000d801600000) (1024K)]
  0x0000022df4bc8d80 JavaThread "Daemon health stats"               [_thread_blocked, id=2792, stack(0x000000d801c00000,0x000000d801d00000) (1024K)]
  0x0000022df4abf4b0 JavaThread "Incoming local TCP Connector on port 56076"        [_thread_in_native, id=10068, stack(0x000000d801d00000,0x000000d801e00000) (1024K)]
  0x0000022df4ab3c10 JavaThread "Daemon periodic checks"            [_thread_blocked, id=18560, stack(0x000000d801e00000,0x000000d801f00000) (1024K)]
  0x0000022df4d31710 JavaThread "Daemon"                            [_thread_blocked, id=7196, stack(0x000000d802200000,0x000000d802300000) (1024K)]
  0x0000022df4d41f50 JavaThread "Handler for socket connection from /127.0.0.1:56076 to /127.0.0.1:56077"        [_thread_in_native, id=11772, stack(0x000000d802300000,0x000000d802400000) (1024K)]
  0x0000022df4d5fec0 JavaThread "Cancel handler"                    [_thread_blocked, id=12952, stack(0x000000d802400000,0x000000d802500000) (1024K)]
  0x0000022df4d526c0 JavaThread "Daemon worker"                     [_thread_blocked, id=3332, stack(0x000000d802500000,0x000000d802600000) (1024K)]
  0x0000022df4c3a6b0 JavaThread "Asynchronous log dispatcher for DefaultDaemonConnection: socket connection from /127.0.0.1:56076 to /127.0.0.1:56077"        [_thread_blocked, id=15572, stack(0x000000d802600000,0x000000d802700000) (1024K)]
  0x0000022df4c3b3d0 JavaThread "Stdin handler"                     [_thread_blocked, id=10492, stack(0x000000d802700000,0x000000d802800000) (1024K)]
  0x0000022df4c3ce10 JavaThread "Daemon client event forwarder"        [_thread_blocked, id=14068, stack(0x000000d802800000,0x000000d802900000) (1024K)]
  0x0000022df4c3ad40 JavaThread "Cache worker for journal cache (C:\Users\fmrif\.gradle\caches\journal-1)"        [_thread_blocked, id=16344, stack(0x000000d802900000,0x000000d802a00000) (1024K)]
  0x0000022df4c3c780 JavaThread "File lock request listener"        [_thread_in_native, id=24320, stack(0x000000d802a00000,0x000000d802b00000) (1024K)]
  0x0000022df4c3d4a0 JavaThread "Cache worker for file hash cache (C:\Users\fmrif\.gradle\caches\8.11\fileHashes)"        [_thread_blocked, id=17836, stack(0x000000d802b00000,0x000000d802c00000) (1024K)]
  0x0000022df4c3ba60 JavaThread "Cache worker for file content cache (C:\Users\fmrif\.gradle\caches\8.11\fileContent)"        [_thread_blocked, id=18636, stack(0x000000d802c00000,0x000000d802d00000) (1024K)]
  0x0000022df4c3c0f0 JavaThread "Cache worker for file hash cache (D:\Antigravity google\Come alives\add polygamy\MCA source\.gradle\8.11\fileHashes)"        [_thread_blocked, id=16292, stack(0x000000d802f00000,0x000000d803000000) (1024K)]
  0x0000022df4c3a020 JavaThread "Cache worker for Build Output Cleanup Cache (D:\Antigravity google\Come alives\add polygamy\MCA source\.gradle\buildOutputCleanup)"        [_thread_blocked, id=26204, stack(0x000000d803000000,0x000000d803100000) (1024K)]
  0x0000022df5090150 JavaThread "Cache worker for Build Output Cleanup Cache (D:\Antigravity google\Come alives\add polygamy\MCA source\buildSrc\.gradle\buildOutputCleanup)"        [_thread_blocked, id=9452, stack(0x000000d803100000,0x000000d803200000) (1024K)]
  0x0000022df508f430 JavaThread "File watcher server"        daemon [_thread_blocked, id=19900, stack(0x000000d803200000,0x000000d803300000) (1024K)]
  0x0000022df50907e0 JavaThread "File watcher consumer"      daemon [_thread_blocked, id=11424, stack(0x000000d803300000,0x000000d803400000) (1024K)]
  0x0000022df508eda0 JavaThread "Cache worker for checksums cache (D:\Antigravity google\Come alives\add polygamy\MCA source\.gradle\8.11\checksums)"        [_thread_blocked, id=21312, stack(0x000000d803400000,0x000000d803500000) (1024K)]
  0x0000022df508e710 JavaThread "Cache worker for cache directory md-rule (C:\Users\fmrif\.gradle\caches\8.11\md-rule)"        [_thread_blocked, id=17824, stack(0x000000d803500000,0x000000d803600000) (1024K)]
  0x0000022df5090e70 JavaThread "Cache worker for cache directory md-supplier (C:\Users\fmrif\.gradle\caches\8.11\md-supplier)"        [_thread_blocked, id=17496, stack(0x000000d803600000,0x000000d803700000) (1024K)]
  0x0000022df508e080 JavaThread "jar transforms"                    [_thread_blocked, id=13860, stack(0x000000d803700000,0x000000d803800000) (1024K)]
  0x0000022df5092220 JavaThread "Unconstrained build operations"        [_thread_blocked, id=13436, stack(0x000000d803800000,0x000000d803900000) (1024K)]
  0x0000022df50928b0 JavaThread "Unconstrained build operations Thread 2"        [_thread_blocked, id=10908, stack(0x000000d803900000,0x000000d803a00000) (1024K)]
  0x0000022df508fac0 JavaThread "Unconstrained build operations Thread 3"        [_thread_blocked, id=26272, stack(0x000000d803a00000,0x000000d803b00000) (1024K)]
  0x0000022df50942f0 JavaThread "Unconstrained build operations Thread 4"        [_thread_blocked, id=10028, stack(0x000000d803b00000,0x000000d803c00000) (1024K)]
  0x0000022df50956a0 JavaThread "Unconstrained build operations Thread 5"        [_thread_blocked, id=16716, stack(0x000000d803c00000,0x000000d803d00000) (1024K)]
  0x0000022df5092f40 JavaThread "Unconstrained build operations Thread 6"        [_thread_blocked, id=4808, stack(0x000000d803d00000,0x000000d803e00000) (1024K)]
  0x0000022df50935d0 JavaThread "jar transforms Thread 2"           [_thread_blocked, id=2340, stack(0x000000d803e00000,0x000000d803f00000) (1024K)]
  0x0000022df5093c60 JavaThread "Memory manager"                    [_thread_blocked, id=2912, stack(0x000000d803f00000,0x000000d804000000) (1024K)]
  0x0000022df5095010 JavaThread "jar transforms Thread 3"           [_thread_blocked, id=12700, stack(0x000000d804000000,0x000000d804100000) (1024K)]
  0x0000022df5094980 JavaThread "jar transforms Thread 4"           [_thread_blocked, id=25128, stack(0x000000d804100000,0x000000d804200000) (1024K)]
  0x0000022df7e47e50 JavaThread "included builds"                   [_thread_blocked, id=10220, stack(0x000000d804200000,0x000000d804300000) (1024K)]
  0x0000022df7e477c0 JavaThread "Execution worker"                  [_thread_blocked, id=23252, stack(0x000000d804300000,0x000000d804400000) (1024K)]
  0x0000022df7e45060 JavaThread "Execution worker Thread 2"         [_thread_blocked, id=1992, stack(0x000000d804400000,0x000000d804500000) (1024K)]
  0x0000022df7e484e0 JavaThread "Execution worker Thread 3"         [_thread_blocked, id=16028, stack(0x000000d804500000,0x000000d804600000) (1024K)]
  0x0000022df7e48b70 JavaThread "Execution worker Thread 4"         [_thread_blocked, id=14040, stack(0x000000d804600000,0x000000d804700000) (1024K)]
  0x0000022df7e456f0 JavaThread "Execution worker Thread 5"         [_thread_blocked, id=25076, stack(0x000000d804700000,0x000000d804800000) (1024K)]
  0x0000022df7e49200 JavaThread "Execution worker Thread 6"         [_thread_blocked, id=24716, stack(0x000000d804800000,0x000000d804900000) (1024K)]
  0x0000022df7e45d80 JavaThread "Execution worker Thread 7"         [_thread_blocked, id=22052, stack(0x000000d804900000,0x000000d804a00000) (1024K)]
  0x0000022df7e49890 JavaThread "Execution worker Thread 8"         [_thread_blocked, id=6556, stack(0x000000d804a00000,0x000000d804b00000) (1024K)]
  0x0000022df7e46410 JavaThread "Execution worker Thread 9"         [_thread_blocked, id=10420, stack(0x000000d804b00000,0x000000d804c00000) (1024K)]
  0x0000022df7e49f20 JavaThread "Execution worker Thread 10"        [_thread_blocked, id=2360, stack(0x000000d804c00000,0x000000d804d00000) (1024K)]
  0x0000022df7e47130 JavaThread "Execution worker Thread 11"        [_thread_blocked, id=17224, stack(0x000000d804d00000,0x000000d804e00000) (1024K)]
  0x0000022df7e46aa0 JavaThread "Cache worker for execution history cache (D:\Antigravity google\Come alives\add polygamy\MCA source\buildSrc\.gradle\8.11\executionHistory)"        [_thread_blocked, id=25832, stack(0x000000d804e00000,0x000000d804f00000) (1024K)]
  0x0000022df7e4ac40 JavaThread "jar transforms Thread 5"           [_thread_blocked, id=13636, stack(0x000000d804f00000,0x000000d805000000) (1024K)]
  0x0000022df7e4a5b0 JavaThread "Unconstrained build operations Thread 7"        [_thread_blocked, id=19860, stack(0x000000d805000000,0x000000d805100000) (1024K)]
  0x0000022df7e4b2d0 JavaThread "Unconstrained build operations Thread 8"        [_thread_blocked, id=6740, stack(0x000000d805100000,0x000000d805200000) (1024K)]
  0x0000022df7e4b960 JavaThread "Unconstrained build operations Thread 9"        [_thread_blocked, id=19428, stack(0x000000d805200000,0x000000d805300000) (1024K)]
  0x0000022df7e4bff0 JavaThread "Unconstrained build operations Thread 10"        [_thread_blocked, id=7124, stack(0x000000d805300000,0x000000d805400000) (1024K)]
  0x0000022df7e4c680 JavaThread "Unconstrained build operations Thread 11"        [_thread_blocked, id=24960, stack(0x000000d805400000,0x000000d805500000) (1024K)]
  0x0000022df7e83550 JavaThread "Unconstrained build operations Thread 12"        [_thread_blocked, id=23136, stack(0x000000d805500000,0x000000d805600000) (1024K)]
  0x0000022df7e80df0 JavaThread "Unconstrained build operations Thread 13"        [_thread_blocked, id=2616, stack(0x000000d805600000,0x000000d805700000) (1024K)]
  0x0000022df7e81b10 JavaThread "Unconstrained build operations Thread 14"        [_thread_blocked, id=21648, stack(0x000000d805700000,0x000000d805800000) (1024K)]
  0x0000022df7e821a0 JavaThread "Unconstrained build operations Thread 15"        [_thread_blocked, id=6140, stack(0x000000d805800000,0x000000d805900000) (1024K)]
  0x0000022df7e800d0 JavaThread "Unconstrained build operations Thread 16"        [_thread_blocked, id=15432, stack(0x000000d805900000,0x000000d805a00000) (1024K)]
  0x0000022df7e83be0 JavaThread "Unconstrained build operations Thread 17"        [_thread_blocked, id=15648, stack(0x000000d805a00000,0x000000d805b00000) (1024K)]
  0x0000022df7e80760 JavaThread "Unconstrained build operations Thread 18"        [_thread_blocked, id=4748, stack(0x000000d805b00000,0x000000d805c00000) (1024K)]
  0x0000022df7e82ec0 JavaThread "Unconstrained build operations Thread 19"        [_thread_blocked, id=25360, stack(0x000000d805c00000,0x000000d805d00000) (1024K)]
  0x0000022df7e84270 JavaThread "Unconstrained build operations Thread 20"        [_thread_blocked, id=19972, stack(0x000000d805d00000,0x000000d805e00000) (1024K)]
  0x0000022df7e84900 JavaThread "Unconstrained build operations Thread 21"        [_thread_blocked, id=24664, stack(0x000000d805e00000,0x000000d805f00000) (1024K)]
  0x0000022df7e81480 JavaThread "Unconstrained build operations Thread 22"        [_thread_blocked, id=6884, stack(0x000000d805f00000,0x000000d806000000) (1024K)]
  0x0000022df7e84f90 JavaThread "Unconstrained build operations Thread 23"        [_thread_blocked, id=24000, stack(0x000000d806000000,0x000000d806100000) (1024K)]
  0x0000022df7e85620 JavaThread "Unconstrained build operations Thread 24"        [_thread_blocked, id=7880, stack(0x000000d806100000,0x000000d806200000) (1024K)]
  0x0000022df7e85cb0 JavaThread "Unconstrained build operations Thread 25"        [_thread_blocked, id=3368, stack(0x000000d806200000,0x000000d806300000) (1024K)]
  0x0000022df7e82830 JavaThread "Unconstrained build operations Thread 26"        [_thread_blocked, id=22064, stack(0x000000d806300000,0x000000d806400000) (1024K)]
  0x0000022df7e86340 JavaThread "Unconstrained build operations Thread 27"        [_thread_blocked, id=8924, stack(0x000000d806400000,0x000000d806500000) (1024K)]
  0x0000022df7e869d0 JavaThread "Unconstrained build operations Thread 28"        [_thread_blocked, id=9196, stack(0x000000d806500000,0x000000d806600000) (1024K)]
  0x0000022df7e87060 JavaThread "Unconstrained build operations Thread 29"        [_thread_blocked, id=9012, stack(0x000000d806600000,0x000000d806700000) (1024K)]
  0x0000022df7e876f0 JavaThread "Unconstrained build operations Thread 30"        [_thread_blocked, id=14168, stack(0x000000d806700000,0x000000d806800000) (1024K)]
  0x0000022df7d6a790 JavaThread "Unconstrained build operations Thread 31"        [_thread_blocked, id=11836, stack(0x000000d806800000,0x000000d806900000) (1024K)]
  0x0000022df7d6ae20 JavaThread "Unconstrained build operations Thread 32"        [_thread_blocked, id=12628, stack(0x000000d806900000,0x000000d806a00000) (1024K)]
  0x0000022df7d6b4b0 JavaThread "Unconstrained build operations Thread 33"        [_thread_blocked, id=16480, stack(0x000000d806a00000,0x000000d806b00000) (1024K)]
  0x0000022df7d6bb40 JavaThread "Unconstrained build operations Thread 34"        [_thread_blocked, id=14128, stack(0x000000d806b00000,0x000000d806c00000) (1024K)]
  0x0000022df7d6c1d0 JavaThread "Unconstrained build operations Thread 35"        [_thread_blocked, id=19524, stack(0x000000d806c00000,0x000000d806d00000) (1024K)]
  0x0000022df7d68d50 JavaThread "Unconstrained build operations Thread 36"        [_thread_blocked, id=6416, stack(0x000000d806d00000,0x000000d806e00000) (1024K)]
  0x0000022df7d6a100 JavaThread "Unconstrained build operations Thread 37"        [_thread_blocked, id=10196, stack(0x000000d806e00000,0x000000d806f00000) (1024K)]
  0x0000022df7d6c860 JavaThread "Unconstrained build operations Thread 38"        [_thread_blocked, id=9872, stack(0x000000d806f00000,0x000000d807000000) (1024K)]
  0x0000022df7d693e0 JavaThread "Unconstrained build operations Thread 39"        [_thread_blocked, id=26512, stack(0x000000d807000000,0x000000d807100000) (1024K)]
  0x0000022df7d6cef0 JavaThread "jar transforms Thread 6"           [_thread_blocked, id=21160, stack(0x000000d807100000,0x000000d807200000) (1024K)]
  0x0000022df7d69a70 JavaThread "Problems report writer"            [_thread_blocked, id=18388, stack(0x000000d807200000,0x000000d807300000) (1024K)]
  0x0000022df7d6e930 JavaThread "jar transforms Thread 7"           [_thread_blocked, id=9756, stack(0x000000d807400000,0x000000d807500000) (1024K)]
  0x0000022df7d6dc10 JavaThread "jar transforms Thread 8"           [_thread_blocked, id=21696, stack(0x000000d807900000,0x000000d807a00000) (1024K)]
  0x0000022df7d6f650 JavaThread "jar transforms Thread 9"           [_thread_blocked, id=20528, stack(0x000000d807a00000,0x000000d807b00000) (1024K)]
  0x0000022df7d70370 JavaThread "jar transforms Thread 10"          [_thread_blocked, id=13848, stack(0x000000d807b00000,0x000000d807c00000) (1024K)]
  0x0000022df6ddc630 JavaThread "HttpClient-1-SelectorManager" daemon [_thread_in_native, id=1244, stack(0x000000d807c00000,0x000000d807d00000) (1024K)]
  0x0000022df6ddccc0 JavaThread "Unconstrained build operations Thread 40"        [_thread_blocked, id=26500, stack(0x000000d807700000,0x000000d807800000) (1024K)]
  0x0000022df6ddd350 JavaThread "Unconstrained build operations Thread 41"        [_thread_blocked, id=25980, stack(0x000000d807800000,0x000000d807900000) (1024K)]
  0x0000022df6ddbfa0 JavaThread "Unconstrained build operations Thread 42"        [_thread_blocked, id=23272, stack(0x000000d807d00000,0x000000d807e00000) (1024K)]
  0x0000022df6ddd9e0 JavaThread "Unconstrained build operations Thread 43"        [_thread_blocked, id=26388, stack(0x000000d807e00000,0x000000d807f00000) (1024K)]
  0x0000022df6dda560 JavaThread "Unconstrained build operations Thread 44"        [_thread_blocked, id=4876, stack(0x000000d807f00000,0x000000d808000000) (1024K)]
  0x0000022df6ddabf0 JavaThread "Unconstrained build operations Thread 45"        [_thread_blocked, id=15604, stack(0x000000d808000000,0x000000d808100000) (1024K)]
  0x0000022df6dde070 JavaThread "Unconstrained build operations Thread 46"        [_thread_blocked, id=14640, stack(0x000000d808100000,0x000000d808200000) (1024K)]
  0x0000022df6ddb280 JavaThread "Unconstrained build operations Thread 47"        [_thread_blocked, id=22580, stack(0x000000d808200000,0x000000d808300000) (1024K)]
  0x0000022df6dde700 JavaThread "Unconstrained build operations Thread 48"        [_thread_blocked, id=22280, stack(0x000000d808300000,0x000000d808400000) (1024K)]
  0x0000022df6dded90 JavaThread "Unconstrained build operations Thread 49"        [_thread_blocked, id=22852, stack(0x000000d808400000,0x000000d808500000) (1024K)]
  0x0000022df6ddb910 JavaThread "Unconstrained build operations Thread 50"        [_thread_blocked, id=20216, stack(0x000000d808500000,0x000000d808600000) (1024K)]
  0x0000022df6ddf420 JavaThread "Unconstrained build operations Thread 51"        [_thread_blocked, id=20332, stack(0x000000d808600000,0x000000d808700000) (1024K)]
  0x0000022df6ddfab0 JavaThread "Unconstrained build operations Thread 52"        [_thread_blocked, id=4664, stack(0x000000d808700000,0x000000d808800000) (1024K)]
  0x0000022df6de0140 JavaThread "Unconstrained build operations Thread 53"        [_thread_blocked, id=18648, stack(0x000000d808800000,0x000000d808900000) (1024K)]
  0x0000022df6de0e60 JavaThread "Unconstrained build operations Thread 54"        [_thread_blocked, id=22696, stack(0x000000d808900000,0x000000d808a00000) (1024K)]
  0x0000022df6de14f0 JavaThread "Unconstrained build operations Thread 55"        [_thread_blocked, id=6300, stack(0x000000d808a00000,0x000000d808b00000) (1024K)]
  0x0000022df6de07d0 JavaThread "Unconstrained build operations Thread 56"        [_thread_blocked, id=13340, stack(0x000000d808b00000,0x000000d808c00000) (1024K)]
  0x0000022df6de1b80 JavaThread "jar transforms Thread 11"          [_thread_blocked, id=4072, stack(0x000000d808d00000,0x000000d808e00000) (1024K)]
  0x0000022df3271be0 JavaThread "jar transforms Thread 12"          [_thread_blocked, id=20156, stack(0x000000d808c00000,0x000000d808d00000) (1024K)]
  0x0000022df3273620 JavaThread "ForkJoinPool.commonPool-worker-1" daemon [_thread_blocked, id=24596, stack(0x000000d808e00000,0x000000d808f00000) (1024K)]
  0x0000022df3274340 JavaThread "ForkJoinPool.commonPool-worker-2" daemon [_thread_blocked, id=1256, stack(0x000000d808f00000,0x000000d809000000) (1024K)]
  0x0000022df3272900 JavaThread "ForkJoinPool.commonPool-worker-4" daemon [_thread_blocked, id=21088, stack(0x000000d809100000,0x000000d809200000) (1024K)]
  0x0000022df3273cb0 JavaThread "ForkJoinPool.commonPool-worker-5" daemon [_thread_blocked, id=8664, stack(0x000000d809200000,0x000000d809300000) (1024K)]
  0x0000022df32756f0 JavaThread "ForkJoinPool.commonPool-worker-7" daemon [_thread_blocked, id=24068, stack(0x000000d809400000,0x000000d809500000) (1024K)]
  0x0000022df3272270 JavaThread "ForkJoinPool.commonPool-worker-9" daemon [_thread_blocked, id=24364, stack(0x000000d809600000,0x000000d809700000) (1024K)]
  0x0000022df3279200 JavaThread "ForkJoinPool.commonPool-worker-10" daemon [_thread_blocked, id=3992, stack(0x000000d809700000,0x000000d809800000) (1024K)]
  0x0000022df3276410 JavaThread "ForkJoinPool.commonPool-worker-11" daemon [_thread_blocked, id=2292, stack(0x000000d809800000,0x000000d809900000) (1024K)]
  0x0000022df32777c0 JavaThread "Cache worker for execution history cache (D:\Antigravity google\Come alives\add polygamy\MCA source\.gradle\8.11\executionHistory)"        [_thread_blocked, id=25456, stack(0x000000d809a00000,0x000000d809b00000) (1024K)]
  0x0000022df3277e50 JavaThread "Unconstrained build operations Thread 57"        [_thread_blocked, id=18420, stack(0x000000d809b00000,0x000000d809c00000) (1024K)]
  0x0000022df3278b70 JavaThread "Unconstrained build operations Thread 58"        [_thread_blocked, id=21412, stack(0x000000d809c00000,0x000000d809d00000) (1024K)]
  0x0000022df32784e0 JavaThread "Unconstrained build operations Thread 59"        [_thread_blocked, id=22728, stack(0x000000d809d00000,0x000000d809e00000) (1024K)]
  0x0000022df3276aa0 JavaThread "Unconstrained build operations Thread 60"        [_thread_blocked, id=20348, stack(0x000000d809e00000,0x000000d809f00000) (1024K)]
  0x0000022df3461260 JavaThread "Unconstrained build operations Thread 61"        [_thread_blocked, id=22028, stack(0x000000d809f00000,0x000000d80a000000) (1024K)]
  0x0000022df3461f80 JavaThread "Unconstrained build operations Thread 62"        [_thread_blocked, id=20700, stack(0x000000d80a000000,0x000000d80a100000) (1024K)]
  0x0000022df34618f0 JavaThread "Unconstrained build operations Thread 63"        [_thread_blocked, id=20732, stack(0x000000d80a100000,0x000000d80a200000) (1024K)]
  0x0000022df3460540 JavaThread "Unconstrained build operations Thread 64"        [_thread_blocked, id=4480, stack(0x000000d80a200000,0x000000d80a300000) (1024K)]
  0x0000022df345feb0 JavaThread "Unconstrained build operations Thread 65"        [_thread_blocked, id=13692, stack(0x000000d80a300000,0x000000d80a400000) (1024K)]
  0x0000022df3460bd0 JavaThread "Unconstrained build operations Thread 66"        [_thread_blocked, id=21248, stack(0x000000d80a400000,0x000000d80a500000) (1024K)]
  0x0000022df345f820 JavaThread "Unconstrained build operations Thread 67"        [_thread_blocked, id=16828, stack(0x000000d80a500000,0x000000d80a600000) (1024K)]
  0x0000022df345f190 JavaThread "Unconstrained build operations Thread 68"        [_thread_blocked, id=3400, stack(0x000000d80a600000,0x000000d80a700000) (1024K)]
  0x0000022df3462ca0 JavaThread "Unconstrained build operations Thread 69"        [_thread_blocked, id=21376, stack(0x000000d80a700000,0x000000d80a800000) (1024K)]
  0x0000022df3464d70 JavaThread "Unconstrained build operations Thread 70"        [_thread_blocked, id=9804, stack(0x000000d80a800000,0x000000d80a900000) (1024K)]
  0x0000022df3465400 JavaThread "Unconstrained build operations Thread 71"        [_thread_blocked, id=26552, stack(0x000000d80a900000,0x000000d80aa00000) (1024K)]
  0x0000022df3465a90 JavaThread "Unconstrained build operations Thread 72"        [_thread_blocked, id=11832, stack(0x000000d80aa00000,0x000000d80ab00000) (1024K)]
  0x0000022df3463330 JavaThread "Unconstrained build operations Thread 73"        [_thread_blocked, id=13952, stack(0x000000d80ab00000,0x000000d80ac00000) (1024K)]
  0x0000022df3462610 JavaThread "Unconstrained build operations Thread 74"        [_thread_blocked, id=632, stack(0x000000d80ac00000,0x000000d80ad00000) (1024K)]
  0x0000022df34667b0 JavaThread "Unconstrained build operations Thread 75"        [_thread_blocked, id=13264, stack(0x000000d80ad00000,0x000000d80ae00000) (1024K)]
  0x0000022df34646e0 JavaThread "Unconstrained build operations Thread 76"        [_thread_blocked, id=22616, stack(0x000000d80ae00000,0x000000d80af00000) (1024K)]
  0x0000022df34639c0 JavaThread "Unconstrained build operations Thread 77"        [_thread_blocked, id=4536, stack(0x000000d80af00000,0x000000d80b000000) (1024K)]
  0x0000022df3464050 JavaThread "Unconstrained build operations Thread 78"        [_thread_blocked, id=13568, stack(0x000000d80b000000,0x000000d80b100000) (1024K)]
  0x0000022df3466120 JavaThread "Unconstrained build operations Thread 79"        [_thread_blocked, id=21600, stack(0x000000d80b100000,0x000000d80b200000) (1024K)]
  0x0000022df9301460 JavaThread "Unconstrained build operations Thread 80"        [_thread_blocked, id=7568, stack(0x000000d80b200000,0x000000d80b300000) (1024K)]
  0x0000022df9300dd0 JavaThread "Unconstrained build operations Thread 81"        [_thread_blocked, id=14004, stack(0x000000d80b300000,0x000000d80b400000) (1024K)]
  0x0000022df9301af0 JavaThread "Unconstrained build operations Thread 82"        [_thread_blocked, id=12336, stack(0x000000d80b400000,0x000000d80b500000) (1024K)]
  0x0000022df9302ea0 JavaThread "Unconstrained build operations Thread 83"        [_thread_blocked, id=22668, stack(0x000000d80b500000,0x000000d80b600000) (1024K)]
  0x0000022df9302810 JavaThread "Unconstrained build operations Thread 84"        [_thread_blocked, id=24424, stack(0x000000d80b600000,0x000000d80b700000) (1024K)]
  0x0000022df9303530 JavaThread "Unconstrained build operations Thread 85"        [_thread_blocked, id=9392, stack(0x000000d80b700000,0x000000d80b800000) (1024K)]
  0x0000022df9300740 JavaThread "Unconstrained build operations Thread 86"        [_thread_blocked, id=21520, stack(0x000000d80b800000,0x000000d80b900000) (1024K)]
  0x0000022df9302180 JavaThread "Unconstrained build operations Thread 87"        [_thread_blocked, id=20060, stack(0x000000d80b900000,0x000000d80ba00000) (1024K)]
  0x0000022df93000b0 JavaThread "Unconstrained build operations Thread 88"        [_thread_blocked, id=25120, stack(0x000000d80ba00000,0x000000d80bb00000) (1024K)]
  0x0000022df9305600 JavaThread "Unconstrained build operations Thread 89"        [_thread_blocked, id=8984, stack(0x000000d80bb00000,0x000000d80bc00000) (1024K)]
  0x0000022df9304250 JavaThread "Unconstrained build operations Thread 90"        [_thread_blocked, id=10356, stack(0x000000d80bc00000,0x000000d80bd00000) (1024K)]
  0x0000022df93069b0 JavaThread "Unconstrained build operations Thread 91"        [_thread_blocked, id=6916, stack(0x000000d80bd00000,0x000000d80be00000) (1024K)]
  0x0000022df9305c90 JavaThread "Unconstrained build operations Thread 92"        [_thread_blocked, id=17276, stack(0x000000d80bf00000,0x000000d80c000000) (1024K)]
  0x0000022df9306320 JavaThread "Unconstrained build operations Thread 93"        [_thread_blocked, id=15000, stack(0x000000d80c000000,0x000000d80c100000) (1024K)]
  0x0000022df93048e0 JavaThread "Unconstrained build operations Thread 94"        [_thread_blocked, id=13288, stack(0x000000d80be00000,0x000000d80bf00000) (1024K)]
  0x0000022df93076d0 JavaThread "Cache worker for Java compile cache (C:\Users\fmrif\.gradle\caches\8.11\javaCompile)"        [_thread_blocked, id=1516, stack(0x000000d80c100000,0x000000d80c200000) (1024K)]
  0x0000022df9304f70 JavaThread "Build operations"                  [_thread_blocked, id=20184, stack(0x000000d80c300000,0x000000d80c400000) (1024K)]
  0x0000022df9307040 JavaThread "Build operations Thread 2"         [_thread_blocked, id=11960, stack(0x000000d80c400000,0x000000d80c500000) (1024K)]
  0x0000022df8bd9e60 JavaThread "Build operations Thread 3"         [_thread_blocked, id=26056, stack(0x000000d80c500000,0x000000d80c600000) (1024K)]
  0x0000022df8bda4f0 JavaThread "Build operations Thread 4"         [_thread_blocked, id=19124, stack(0x000000d80c600000,0x000000d80c700000) (1024K)]
  0x0000022df8bd8ab0 JavaThread "Build operations Thread 5"         [_thread_blocked, id=12692, stack(0x000000d80c700000,0x000000d80c800000) (1024K)]
  0x0000022df8bdab80 JavaThread "Build operations Thread 6"         [_thread_blocked, id=1128, stack(0x000000d80c800000,0x000000d80c900000) (1024K)]
  0x0000022df8bdb8a0 JavaThread "Build operations Thread 7"         [_thread_blocked, id=12376, stack(0x000000d80c900000,0x000000d80ca00000) (1024K)]
  0x0000022df8bdb210 JavaThread "Build operations Thread 8"         [_thread_blocked, id=13684, stack(0x000000d80ca00000,0x000000d80cb00000) (1024K)]
  0x0000022df8bd9140 JavaThread "Build operations Thread 9"         [_thread_blocked, id=11808, stack(0x000000d80cb00000,0x000000d80cc00000) (1024K)]
  0x0000022df8bd97d0 JavaThread "Build operations Thread 10"        [_thread_blocked, id=4560, stack(0x000000d80cc00000,0x000000d80cd00000) (1024K)]
  0x0000022df8bd8420 JavaThread "Build operations Thread 11"        [_thread_blocked, id=20432, stack(0x000000d80cd00000,0x000000d80ce00000) (1024K)]
  0x0000022df8bdc5c0 JavaThread "Unconstrained build operations Thread 95"        [_thread_blocked, id=8200, stack(0x000000d800200000,0x000000d800300000) (1024K)]
  0x0000022df8bdcc50 JavaThread "Unconstrained build operations Thread 96"        [_thread_blocked, id=25628, stack(0x000000d801400000,0x000000d801500000) (1024K)]
  0x0000022df8be00d0 JavaThread "Unconstrained build operations Thread 97"        [_thread_blocked, id=4784, stack(0x000000d809000000,0x000000d809100000) (1024K)]
  0x0000022df8be21a0 JavaThread "Unconstrained build operations Thread 98"        [_thread_blocked, id=25808, stack(0x000000d809900000,0x000000d809a00000) (1024K)]
  0x0000022df8be1480 JavaThread "Unconstrained build operations Thread 99"        [_thread_blocked, id=18496, stack(0x000000d80c200000,0x000000d80c300000) (1024K)]
  0x0000022df8be1b10 JavaThread "Unconstrained build operations Thread 100"        [_thread_blocked, id=11940, stack(0x000000d80ce00000,0x000000d80cf00000) (1024K)]
  0x0000022df8be2830 JavaThread "Unconstrained build operations Thread 101"        [_thread_blocked, id=22472, stack(0x000000d80cf00000,0x000000d80d000000) (1024K)]
  0x0000022df8be2ec0 JavaThread "Unconstrained build operations Thread 102"        [_thread_blocked, id=23628, stack(0x000000d80d000000,0x000000d80d100000) (1024K)]
  0x0000022df8be3550 JavaThread "Unconstrained build operations Thread 103"        [_thread_blocked, id=19032, stack(0x000000d80d100000,0x000000d80d200000) (1024K)]
  0x0000022df8be3be0 JavaThread "Unconstrained build operations Thread 104"        [_thread_blocked, id=11128, stack(0x000000d80d200000,0x000000d80d300000) (1024K)]
  0x0000022df8be0760 JavaThread "Unconstrained build operations Thread 105"        [_thread_blocked, id=3848, stack(0x000000d80d300000,0x000000d80d400000) (1024K)]
  0x0000022df8be69d0 JavaThread "Unconstrained build operations Thread 106"        [_thread_blocked, id=6080, stack(0x000000d80d400000,0x000000d80d500000) (1024K)]
  0x0000022df8be76f0 JavaThread "Unconstrained build operations Thread 107"        [_thread_blocked, id=4892, stack(0x000000d80d500000,0x000000d80d600000) (1024K)]
  0x0000022df8be7060 JavaThread "Build operations Thread 12"        [_thread_blocked, id=7800, stack(0x000000d80d600000,0x000000d80d700000) (1024K)]
  0x0000022df9c2f070 JavaThread "Unconstrained build operations Thread 108"        [_thread_blocked, id=10228, stack(0x000000d807600000,0x000000d807700000) (1024K)]
  0x0000022df9c2fd90 JavaThread "Unconstrained build operations Thread 109"        [_thread_blocked, id=25692, stack(0x000000d809500000,0x000000d809600000) (1024K)]
  0x0000022df9c2c910 JavaThread "Unconstrained build operations Thread 110"        [_thread_blocked, id=10740, stack(0x000000d80d700000,0x000000d80d800000) (1024K)]
  0x0000022df9c32b80 JavaThread "Unconstrained build operations Thread 111"        [_thread_blocked, id=6736, stack(0x000000d80d800000,0x000000d80d900000) (1024K)]
  0x0000022df9c31140 JavaThread "Unconstrained build operations Thread 112"        [_thread_blocked, id=2988, stack(0x000000d80d900000,0x000000d80da00000) (1024K)]
  0x0000022df9c324f0 JavaThread "Unconstrained build operations Thread 113"        [_thread_blocked, id=16500, stack(0x000000d80da00000,0x000000d80db00000) (1024K)]
  0x0000022df9c317d0 JavaThread "Unconstrained build operations Thread 114"        [_thread_blocked, id=14280, stack(0x000000d80db00000,0x000000d80dc00000) (1024K)]
  0x0000022df9c31e60 JavaThread "Unconstrained build operations Thread 115"        [_thread_blocked, id=25392, stack(0x000000d80dc00000,0x000000d80dd00000) (1024K)]
  0x0000022df9c33210 JavaThread "Unconstrained build operations Thread 116"        [_thread_blocked, id=8896, stack(0x000000d80dd00000,0x000000d80de00000) (1024K)]
  0x0000022df9c338a0 JavaThread "Unconstrained build operations Thread 117"        [_thread_blocked, id=4652, stack(0x000000d80de00000,0x000000d80df00000) (1024K)]
  0x0000022df9c33f30 JavaThread "Unconstrained build operations Thread 118"        [_thread_blocked, id=13024, stack(0x000000d80df00000,0x000000d80e000000) (1024K)]
  0x0000022df9c30ab0 JavaThread "WorkerExecutor Queue"              [_thread_blocked, id=13444, stack(0x000000d809300000,0x000000d809400000) (1024K)]
  0x0000022df9c35970 JavaThread "pool-2-thread-1"                   [_thread_blocked, id=11812, stack(0x000000d80e000000,0x000000d80e100000) (1024K)]
  0x0000022df9c39480 JavaThread "pool-2-thread-2"                   [_thread_blocked, id=17712, stack(0x000000d80e100000,0x000000d80e200000) (1024K)]
  0x0000022df9c37a40 JavaThread "pool-2-thread-3"                   [_thread_blocked, id=3868, stack(0x000000d80e200000,0x000000d80e300000) (1024K)]
  0x0000022df9c36d20 JavaThread "pool-2-thread-4"                   [_thread_blocked, id=18356, stack(0x000000d80e300000,0x000000d80e400000) (1024K)]
  0x0000022df9c380d0 JavaThread "pool-2-thread-5"                   [_thread_blocked, id=4408, stack(0x000000d80e400000,0x000000d80e500000) (1024K)]
  0x0000022df9c36000 JavaThread "pool-2-thread-6"                   [_thread_blocked, id=14244, stack(0x000000d80e500000,0x000000d80e600000) (1024K)]
  0x0000022df9c34c50 JavaThread "pool-2-thread-7"                   [_thread_blocked, id=10308, stack(0x000000d80e600000,0x000000d80e700000) (1024K)]
  0x0000022df9c38760 JavaThread "pool-2-thread-8"                   [_thread_blocked, id=7380, stack(0x000000d80e700000,0x000000d80e800000) (1024K)]
  0x0000022df9c36690 JavaThread "pool-2-thread-9"                   [_thread_blocked, id=25324, stack(0x000000d80e800000,0x000000d80e900000) (1024K)]
  0x0000022df9c39b10 JavaThread "pool-2-thread-10"                  [_thread_blocked, id=10188, stack(0x000000d80e900000,0x000000d80ea00000) (1024K)]
  0x0000022df9c3a1a0 JavaThread "pool-2-thread-11"                  [_thread_blocked, id=18120, stack(0x000000d80ea00000,0x000000d80eb00000) (1024K)]
  0x0000022df9c3a830 JavaThread "pool-2-thread-12"                  [_thread_blocked, id=25668, stack(0x000000d80eb00000,0x000000d80ec00000) (1024K)]
  0x0000022df7c42a10 JavaThread "WorkerExecutor Queue Thread 2"        [_thread_blocked, id=2032, stack(0x000000d80ec00000,0x000000d80ed00000) (1024K)]
  0x0000022df7c42380 JavaThread "Unconstrained build operations Thread 119"        [_thread_blocked, id=13784, stack(0x000000d800100000,0x000000d800200000) (1024K)]
  0x0000022df7c45800 JavaThread "Unconstrained build operations Thread 120"        [_thread_blocked, id=13292, stack(0x000000d807300000,0x000000d807400000) (1024K)]
  0x0000022df84a62c0 JavaThread "C2 CompilerThread1"         daemon [_thread_blocked, id=2648, stack(0x000000d807500000,0x000000d807600000) (1024K)]
  0x0000022df84a5bf0 JavaThread "C2 CompilerThread2"         daemon [_thread_blocked, id=8100, stack(0x000000d80ed00000,0x000000d80ee00000) (1024K)]
Total: 219

Other Threads:
=>0x0000022dadcce240 VMThread "VM Thread"                           [id=16964, stack(0x000000d800a00000,0x000000d800b00000) (1024K)]
  0x0000022dadcbe0b0 WatcherThread "VM Periodic Task Thread"        [id=16864, stack(0x000000d800900000,0x000000d800a00000) (1024K)]
  0x0000022d8f842fe0 WorkerThread "GC Thread#0"                     [id=19872, stack(0x000000d800400000,0x000000d800500000) (1024K)]
  0x0000022df36f68c0 WorkerThread "GC Thread#1"                     [id=7776, stack(0x000000d801700000,0x000000d801800000) (1024K)]
  0x0000022df32e07d0 WorkerThread "GC Thread#2"                     [id=14352, stack(0x000000d801800000,0x000000d801900000) (1024K)]
  0x0000022df342e670 WorkerThread "GC Thread#3"                     [id=14396, stack(0x000000d801900000,0x000000d801a00000) (1024K)]
  0x0000022df342ea10 WorkerThread "GC Thread#4"                     [id=5912, stack(0x000000d801a00000,0x000000d801b00000) (1024K)]
  0x0000022df342edb0 WorkerThread "GC Thread#5"                     [id=20508, stack(0x000000d801b00000,0x000000d801c00000) (1024K)]
  0x0000022df4a1e800 WorkerThread "GC Thread#6"                     [id=25500, stack(0x000000d801600000,0x000000d801700000) (1024K)]
  0x0000022df4a1f2e0 WorkerThread "GC Thread#7"                     [id=24036, stack(0x000000d801f00000,0x000000d802000000) (1024K)]
  0x0000022df4a1d980 WorkerThread "GC Thread#8"                     [id=17428, stack(0x000000d802000000,0x000000d802100000) (1024K)]
  0x0000022df4a1dd20 WorkerThread "GC Thread#9"                     [id=404, stack(0x000000d802100000,0x000000d802200000) (1024K)]
  0x0000022d8f86ede0 ConcurrentGCThread "G1 Main Marker"            [id=10464, stack(0x000000d800500000,0x000000d800600000) (1024K)]
  0x0000022d8f8706a0 WorkerThread "G1 Conc#0"                       [id=24800, stack(0x000000d800600000,0x000000d800700000) (1024K)]
  0x0000022df594cfe0 WorkerThread "G1 Conc#1"                       [id=15444, stack(0x000000d802d00000,0x000000d802e00000) (1024K)]
  0x0000022df594b680 WorkerThread "G1 Conc#2"                       [id=18164, stack(0x000000d802e00000,0x000000d802f00000) (1024K)]
  0x0000022dadb841e0 ConcurrentGCThread "G1 Refine#0"               [id=9908, stack(0x000000d800700000,0x000000d800800000) (1024K)]
  0x0000022dadb86e10 ConcurrentGCThread "G1 Service"                [id=8472, stack(0x000000d800800000,0x000000d800900000) (1024K)]
Total: 18

Threads with active compile tasks:
C2 CompilerThread0  235452 24804       4       org.cadixdev.lorenz.MappingSet::getOrCreateClassMapping (55 bytes)
C1 CompilerThread0  235452 24810       3       com.sun.tools.javac.comp.Attr::condType (430 bytes)
C2 CompilerThread1  235452 24800   !   4       com.sun.tools.javac.comp.Attr::visitBinary (404 bytes)
C2 CompilerThread2  235452 24806 %     4       net.fabricmc.lorenztiny.TinyMappingsReader::read @ 253 (317 bytes)
Total: 4

VM state: at safepoint (normal execution)

VM Mutex/Monitor currently owned by a thread:  ([mutex/lock_event])
[0x00007ffd54a6d570] Threads_lock - owner thread: 0x0000022dadcce240
[0x00007ffd54a6d670] Heap_lock - owner thread: 0x0000022df7c42a10

Heap address: 0x0000000740000000, size: 3072 MB, Compressed Oops mode: Zero based, Oop shift amount: 3

CDS archive(s) mapped at: [0x0000022dae000000-0x0000022daec80000-0x0000022daec80000), size 13107200, SharedBaseAddress: 0x0000022dae000000, ArchiveRelocationMode: 1.
Compressed class space mapped at: 0x0000022daf000000-0x0000022def000000, reserved size: 1073741824
Narrow klass base: 0x0000022dae000000, Narrow klass shift: 0, Narrow klass range: 0x100000000

GC Precious Log:
 CardTable entry size: 512
 Card Set container configuration: InlinePtr #cards 4 size 8 Array Of Cards #cards 16 size 48 Howl #buckets 8 coarsen threshold 3686 Howl Bitmap #cards 512 size 80 coarsen threshold 460 Card regions per heap region 1 cards per card region 4096
 CPUs: 12 total, 12 available
 Memory: 16309M
 Large Page Support: Disabled
 NUMA Support: Disabled
 Compressed Oops: Enabled (Zero based)
 Heap Region Size: 2M
 Heap Min Capacity: 8M
 Heap Initial Capacity: 256M
 Heap Max Capacity: 3G
 Pre-touch: Disabled
 Parallel Workers: 10
 Concurrent Workers: 3
 Concurrent Refinement Workers: 10
 Periodic GC: Disabled

Heap:
 garbage-first heap   total 731136K, used 490301K [0x0000000740000000, 0x0000000800000000)
  region size 2048K, 13 young (26624K), 13 survivors (26624K)
 Metaspace       used 97125K, committed 99584K, reserved 1179648K
  class space    used 13063K, committed 14272K, reserved 1048576K

Heap Regions: E=young(eden), S=young(survivor), O=old, HS=humongous(starts), HC=humongous(continues), CS=collection set, F=free, TAMS=top-at-mark-start, PB=parsable bottom
|   0|0x0000000740000000, 0x0000000740200000, 0x0000000740200000|100%|HS|  |TAMS 0x0000000740200000| PB 0x0000000740000000| Complete 
|   1|0x0000000740200000, 0x0000000740400000, 0x0000000740400000|100%|HC|  |TAMS 0x0000000740400000| PB 0x0000000740200000| Complete 
|   2|0x0000000740400000, 0x0000000740600000, 0x0000000740600000|100%| O|  |TAMS 0x0000000740600000| PB 0x0000000740400000| Untracked 
|   3|0x0000000740600000, 0x0000000740800000, 0x0000000740800000|100%| O|  |TAMS 0x0000000740800000| PB 0x0000000740600000| Untracked 
|   4|0x0000000740800000, 0x0000000740a00000, 0x0000000740a00000|100%| O|  |TAMS 0x0000000740a00000| PB 0x0000000740800000| Untracked 
|   5|0x0000000740a00000, 0x0000000740c00000, 0x0000000740c00000|100%| O|  |TAMS 0x0000000740c00000| PB 0x0000000740a00000| Untracked 
|   6|0x0000000740c00000, 0x0000000740e00000, 0x0000000740e00000|100%| O|  |TAMS 0x0000000740e00000| PB 0x0000000740c00000| Untracked 
|   7|0x0000000740e00000, 0x0000000741000000, 0x0000000741000000|100%| O|  |TAMS 0x0000000741000000| PB 0x0000000740e00000| Untracked 
|   8|0x0000000741000000, 0x0000000741200000, 0x0000000741200000|100%| O|  |TAMS 0x0000000741200000| PB 0x0000000741000000| Untracked 
|   9|0x0000000741200000, 0x0000000741400000, 0x0000000741400000|100%| O|  |TAMS 0x0000000741400000| PB 0x0000000741200000| Untracked 
|  10|0x0000000741400000, 0x0000000741600000, 0x0000000741600000|100%| O|  |TAMS 0x0000000741600000| PB 0x0000000741400000| Untracked 
|  11|0x0000000741600000, 0x0000000741800000, 0x0000000741800000|100%| O|  |TAMS 0x0000000741800000| PB 0x0000000741600000| Untracked 
|  12|0x0000000741800000, 0x0000000741a00000, 0x0000000741a00000|100%| O|  |TAMS 0x0000000741a00000| PB 0x0000000741800000| Untracked 
|  13|0x0000000741a00000, 0x0000000741c00000, 0x0000000741c00000|100%| O|  |TAMS 0x0000000741c00000| PB 0x0000000741a00000| Untracked 
|  14|0x0000000741c00000, 0x0000000741e00000, 0x0000000741e00000|100%| O|  |TAMS 0x0000000741e00000| PB 0x0000000741c00000| Untracked 
|  15|0x0000000741e00000, 0x0000000742000000, 0x0000000742000000|100%| O|  |TAMS 0x0000000742000000| PB 0x0000000741e00000| Untracked 
|  16|0x0000000742000000, 0x0000000742200000, 0x0000000742200000|100%| O|  |TAMS 0x0000000742200000| PB 0x0000000742000000| Untracked 
|  17|0x0000000742200000, 0x0000000742400000, 0x0000000742400000|100%| O|  |TAMS 0x0000000742400000| PB 0x0000000742200000| Untracked 
|  18|0x0000000742400000, 0x0000000742600000, 0x0000000742600000|100%| O|  |TAMS 0x0000000742600000| PB 0x0000000742400000| Untracked 
|  19|0x0000000742600000, 0x0000000742800000, 0x0000000742800000|100%| O|  |TAMS 0x0000000742800000| PB 0x0000000742600000| Untracked 
|  20|0x0000000742800000, 0x0000000742a00000, 0x0000000742a00000|100%| O|  |TAMS 0x0000000742a00000| PB 0x0000000742800000| Untracked 
|  21|0x0000000742a00000, 0x0000000742c00000, 0x0000000742c00000|100%| O|  |TAMS 0x0000000742c00000| PB 0x0000000742a00000| Untracked 
|  22|0x0000000742c00000, 0x0000000742e00000, 0x0000000742e00000|100%| O|  |TAMS 0x0000000742e00000| PB 0x0000000742c00000| Untracked 
|  23|0x0000000742e00000, 0x0000000743000000, 0x0000000743000000|100%| O|  |TAMS 0x0000000743000000| PB 0x0000000742e00000| Untracked 
|  24|0x0000000743000000, 0x0000000743200000, 0x0000000743200000|100%| O|  |TAMS 0x0000000743200000| PB 0x0000000743000000| Untracked 
|  25|0x0000000743200000, 0x0000000743400000, 0x0000000743400000|100%| O|  |TAMS 0x0000000743400000| PB 0x0000000743200000| Untracked 
|  26|0x0000000743400000, 0x0000000743600000, 0x0000000743600000|100%| O|  |TAMS 0x0000000743600000| PB 0x0000000743400000| Untracked 
|  27|0x0000000743600000, 0x0000000743800000, 0x0000000743800000|100%| O|  |TAMS 0x0000000743800000| PB 0x0000000743600000| Untracked 
|  28|0x0000000743800000, 0x0000000743a00000, 0x0000000743a00000|100%| O|  |TAMS 0x0000000743a00000| PB 0x0000000743800000| Untracked 
|  29|0x0000000743a00000, 0x0000000743c00000, 0x0000000743c00000|100%| O|  |TAMS 0x0000000743c00000| PB 0x0000000743a00000| Untracked 
|  30|0x0000000743c00000, 0x0000000743e00000, 0x0000000743e00000|100%| O|  |TAMS 0x0000000743e00000| PB 0x0000000743c00000| Untracked 
|  31|0x0000000743e00000, 0x0000000744000000, 0x0000000744000000|100%| O|  |TAMS 0x0000000744000000| PB 0x0000000743e00000| Untracked 
|  32|0x0000000744000000, 0x0000000744200000, 0x0000000744200000|100%| O|  |TAMS 0x0000000744200000| PB 0x0000000744000000| Untracked 
|  33|0x0000000744200000, 0x0000000744400000, 0x0000000744400000|100%| O|  |TAMS 0x0000000744400000| PB 0x0000000744200000| Untracked 
|  34|0x0000000744400000, 0x0000000744600000, 0x0000000744600000|100%| O|  |TAMS 0x0000000744400000| PB 0x0000000744400000| Untracked 
|  35|0x0000000744600000, 0x0000000744800000, 0x0000000744800000|100%| O|  |TAMS 0x0000000744800000| PB 0x0000000744600000| Untracked 
|  36|0x0000000744800000, 0x0000000744a00000, 0x0000000744a00000|100%| O|  |TAMS 0x0000000744a00000| PB 0x0000000744800000| Untracked 
|  37|0x0000000744a00000, 0x0000000744c00000, 0x0000000744c00000|100%| O|  |TAMS 0x0000000744c00000| PB 0x0000000744a00000| Untracked 
|  38|0x0000000744c00000, 0x0000000744e00000, 0x0000000744e00000|100%| O|  |TAMS 0x0000000744e00000| PB 0x0000000744c00000| Untracked 
|  39|0x0000000744e00000, 0x0000000745000000, 0x0000000745000000|100%| O|  |TAMS 0x0000000745000000| PB 0x0000000744e00000| Untracked 
|  40|0x0000000745000000, 0x0000000745200000, 0x0000000745200000|100%| O|  |TAMS 0x0000000745200000| PB 0x0000000745000000| Untracked 
|  41|0x0000000745200000, 0x0000000745400000, 0x0000000745400000|100%| O|  |TAMS 0x0000000745400000| PB 0x0000000745200000| Untracked 
|  42|0x0000000745400000, 0x0000000745600000, 0x0000000745600000|100%| O|  |TAMS 0x0000000745600000| PB 0x0000000745400000| Untracked 
|  43|0x0000000745600000, 0x0000000745800000, 0x0000000745800000|100%| O|  |TAMS 0x0000000745800000| PB 0x0000000745600000| Untracked 
|  44|0x0000000745800000, 0x0000000745a00000, 0x0000000745a00000|100%| O|  |TAMS 0x0000000745a00000| PB 0x0000000745800000| Untracked 
|  45|0x0000000745a00000, 0x0000000745c00000, 0x0000000745c00000|100%| O|  |TAMS 0x0000000745a00000| PB 0x0000000745a00000| Untracked 
|  46|0x0000000745c00000, 0x0000000745e00000, 0x0000000745e00000|100%| O|  |TAMS 0x0000000745e00000| PB 0x0000000745c00000| Untracked 
|  47|0x0000000745e00000, 0x0000000746000000, 0x0000000746000000|100%| O|  |TAMS 0x0000000746000000| PB 0x0000000745e00000| Untracked 
|  48|0x0000000746000000, 0x0000000746200000, 0x0000000746200000|100%| O|  |TAMS 0x0000000746200000| PB 0x0000000746000000| Untracked 
|  49|0x0000000746200000, 0x0000000746400000, 0x0000000746400000|100%| O|  |TAMS 0x0000000746400000| PB 0x0000000746200000| Untracked 
|  50|0x0000000746400000, 0x0000000746600000, 0x0000000746600000|100%| O|  |TAMS 0x0000000746600000| PB 0x0000000746400000| Untracked 
|  51|0x0000000746600000, 0x0000000746800000, 0x0000000746800000|100%| O|  |TAMS 0x0000000746800000| PB 0x0000000746600000| Untracked 
|  52|0x0000000746800000, 0x0000000746a00000, 0x0000000746a00000|100%| O|  |TAMS 0x0000000746a00000| PB 0x0000000746800000| Untracked 
|  53|0x0000000746a00000, 0x0000000746c00000, 0x0000000746c00000|100%| O|  |TAMS 0x0000000746c00000| PB 0x0000000746a00000| Untracked 
|  54|0x0000000746c00000, 0x0000000746e00000, 0x0000000746e00000|100%| O|  |TAMS 0x0000000746e00000| PB 0x0000000746c00000| Untracked 
|  55|0x0000000746e00000, 0x0000000747000000, 0x0000000747000000|100%| O|  |TAMS 0x0000000747000000| PB 0x0000000746e00000| Untracked 
|  56|0x0000000747000000, 0x0000000747200000, 0x0000000747200000|100%| O|  |TAMS 0x0000000747200000| PB 0x0000000747000000| Untracked 
|  57|0x0000000747200000, 0x0000000747400000, 0x0000000747400000|100%| O|  |TAMS 0x0000000747400000| PB 0x0000000747200000| Untracked 
|  58|0x0000000747400000, 0x0000000747600000, 0x0000000747600000|100%| O|  |TAMS 0x0000000747600000| PB 0x0000000747400000| Untracked 
|  59|0x0000000747600000, 0x0000000747800000, 0x0000000747800000|100%| O|  |TAMS 0x0000000747800000| PB 0x0000000747600000| Untracked 
|  60|0x0000000747800000, 0x0000000747a00000, 0x0000000747a00000|100%|HS|  |TAMS 0x0000000747a00000| PB 0x0000000747800000| Complete 
|  61|0x0000000747a00000, 0x0000000747c00000, 0x0000000747c00000|100%|HS|  |TAMS 0x0000000747c00000| PB 0x0000000747a00000| Complete 
|  62|0x0000000747c00000, 0x0000000747e00000, 0x0000000747e00000|100%| O|  |TAMS 0x0000000747e00000| PB 0x0000000747c00000| Untracked 
|  63|0x0000000747e00000, 0x0000000748000000, 0x0000000748000000|100%| O|  |TAMS 0x0000000748000000| PB 0x0000000747e00000| Untracked 
|  64|0x0000000748000000, 0x0000000748200000, 0x0000000748200000|100%|HS|  |TAMS 0x0000000748200000| PB 0x0000000748000000| Complete 
|  65|0x0000000748200000, 0x0000000748400000, 0x0000000748400000|100%| O|  |TAMS 0x0000000748400000| PB 0x0000000748200000| Untracked 
|  66|0x0000000748400000, 0x0000000748600000, 0x0000000748600000|100%| O|  |TAMS 0x0000000748600000| PB 0x0000000748400000| Untracked 
|  67|0x0000000748600000, 0x0000000748800000, 0x0000000748800000|100%|HS|  |TAMS 0x0000000748800000| PB 0x0000000748600000| Complete 
|  68|0x0000000748800000, 0x0000000748a00000, 0x0000000748a00000|100%| O|  |TAMS 0x0000000748a00000| PB 0x0000000748800000| Untracked 
|  69|0x0000000748a00000, 0x0000000748c00000, 0x0000000748c00000|100%| O|  |TAMS 0x0000000748c00000| PB 0x0000000748a00000| Untracked 
|  70|0x0000000748c00000, 0x0000000748e00000, 0x0000000748e00000|100%| O|  |TAMS 0x0000000748e00000| PB 0x0000000748c00000| Untracked 
|  71|0x0000000748e00000, 0x0000000749000000, 0x0000000749000000|100%| O|  |TAMS 0x0000000748e00000| PB 0x0000000748e00000| Untracked 
|  72|0x0000000749000000, 0x0000000749200000, 0x0000000749200000|100%| O|  |TAMS 0x0000000749200000| PB 0x0000000749000000| Untracked 
|  73|0x0000000749200000, 0x0000000749400000, 0x0000000749400000|100%| O|  |TAMS 0x0000000749200000| PB 0x0000000749200000| Untracked 
|  74|0x0000000749400000, 0x0000000749600000, 0x0000000749600000|100%| O|  |TAMS 0x0000000749600000| PB 0x0000000749400000| Untracked 
|  75|0x0000000749600000, 0x0000000749800000, 0x0000000749800000|100%| O|  |TAMS 0x0000000749600000| PB 0x0000000749600000| Untracked 
|  76|0x0000000749800000, 0x0000000749a00000, 0x0000000749a00000|100%| O|  |TAMS 0x0000000749800000| PB 0x0000000749800000| Untracked 
|  77|0x0000000749a00000, 0x0000000749c00000, 0x0000000749c00000|100%| O|  |TAMS 0x0000000749c00000| PB 0x0000000749a00000| Untracked 
|  78|0x0000000749c00000, 0x0000000749e00000, 0x0000000749e00000|100%| O|  |TAMS 0x0000000749c00000| PB 0x0000000749c00000| Untracked 
|  79|0x0000000749e00000, 0x000000074a000000, 0x000000074a000000|100%| O|  |TAMS 0x0000000749e00000| PB 0x0000000749e00000| Untracked 
|  80|0x000000074a000000, 0x000000074a200000, 0x000000074a200000|100%| O|  |TAMS 0x000000074a200000| PB 0x000000074a000000| Untracked 
|  81|0x000000074a200000, 0x000000074a400000, 0x000000074a400000|100%| O|  |TAMS 0x000000074a200000| PB 0x000000074a200000| Untracked 
|  82|0x000000074a400000, 0x000000074a600000, 0x000000074a600000|100%| O|  |TAMS 0x000000074a400000| PB 0x000000074a400000| Untracked 
|  83|0x000000074a600000, 0x000000074a800000, 0x000000074a800000|100%| O|  |TAMS 0x000000074a800000| PB 0x000000074a600000| Untracked 
|  84|0x000000074a800000, 0x000000074aa00000, 0x000000074aa00000|100%| O|  |TAMS 0x000000074aa00000| PB 0x000000074a800000| Untracked 
|  85|0x000000074aa00000, 0x000000074ac00000, 0x000000074ac00000|100%| O|  |TAMS 0x000000074ac00000| PB 0x000000074aa00000| Untracked 
|  86|0x000000074ac00000, 0x000000074ae00000, 0x000000074ae00000|100%| O|  |TAMS 0x000000074ae00000| PB 0x000000074ac00000| Untracked 
|  87|0x000000074ae00000, 0x000000074b000000, 0x000000074b000000|100%| O|  |TAMS 0x000000074b000000| PB 0x000000074ae00000| Untracked 
|  88|0x000000074b000000, 0x000000074b200000, 0x000000074b200000|100%| O|  |TAMS 0x000000074b200000| PB 0x000000074b000000| Untracked 
|  89|0x000000074b200000, 0x000000074b400000, 0x000000074b400000|100%|HS|  |TAMS 0x000000074b400000| PB 0x000000074b200000| Complete 
|  90|0x000000074b400000, 0x000000074b600000, 0x000000074b600000|100%|HC|  |TAMS 0x000000074b600000| PB 0x000000074b400000| Complete 
|  91|0x000000074b600000, 0x000000074b800000, 0x000000074b800000|100%| O|  |TAMS 0x000000074b800000| PB 0x000000074b600000| Untracked 
|  92|0x000000074b800000, 0x000000074ba00000, 0x000000074ba00000|100%| O|  |TAMS 0x000000074ba00000| PB 0x000000074b800000| Untracked 
|  93|0x000000074ba00000, 0x000000074bc00000, 0x000000074bc00000|100%| O|  |TAMS 0x000000074bc00000| PB 0x000000074ba00000| Untracked 
|  94|0x000000074bc00000, 0x000000074be00000, 0x000000074be00000|100%| O|  |TAMS 0x000000074be00000| PB 0x000000074bc00000| Untracked 
|  95|0x000000074be00000, 0x000000074c000000, 0x000000074c000000|100%| O|  |TAMS 0x000000074c000000| PB 0x000000074be00000| Untracked 
|  96|0x000000074c000000, 0x000000074c200000, 0x000000074c200000|100%| O|  |TAMS 0x000000074c200000| PB 0x000000074c000000| Untracked 
|  97|0x000000074c200000, 0x000000074c400000, 0x000000074c400000|100%| O|  |TAMS 0x000000074c400000| PB 0x000000074c200000| Untracked 
|  98|0x000000074c400000, 0x000000074c600000, 0x000000074c600000|100%| O|  |TAMS 0x000000074c600000| PB 0x000000074c400000| Untracked 
|  99|0x000000074c600000, 0x000000074c800000, 0x000000074c800000|100%| O|  |TAMS 0x000000074c800000| PB 0x000000074c600000| Untracked 
| 100|0x000000074c800000, 0x000000074ca00000, 0x000000074ca00000|100%| O|  |TAMS 0x000000074c800000| PB 0x000000074c800000| Untracked 
| 101|0x000000074ca00000, 0x000000074cc00000, 0x000000074cc00000|100%| O|  |TAMS 0x000000074ca00000| PB 0x000000074ca00000| Untracked 
| 102|0x000000074cc00000, 0x000000074ce00000, 0x000000074ce00000|100%| O|  |TAMS 0x000000074ce00000| PB 0x000000074cc00000| Untracked 
| 103|0x000000074ce00000, 0x000000074d000000, 0x000000074d000000|100%| O|  |TAMS 0x000000074ce00000| PB 0x000000074ce00000| Untracked 
| 104|0x000000074d000000, 0x000000074d200000, 0x000000074d200000|100%| O|  |TAMS 0x000000074d000000| PB 0x000000074d000000| Untracked 
| 105|0x000000074d200000, 0x000000074d400000, 0x000000074d400000|100%| O|  |TAMS 0x000000074d200000| PB 0x000000074d200000| Untracked 
| 106|0x000000074d400000, 0x000000074d600000, 0x000000074d600000|100%| O|  |TAMS 0x000000074d400000| PB 0x000000074d400000| Untracked 
| 107|0x000000074d600000, 0x000000074d800000, 0x000000074d800000|100%| O|  |TAMS 0x000000074d800000| PB 0x000000074d600000| Untracked 
| 108|0x000000074d800000, 0x000000074da00000, 0x000000074da00000|100%| O|  |TAMS 0x000000074da00000| PB 0x000000074d800000| Untracked 
| 109|0x000000074da00000, 0x000000074dc00000, 0x000000074dc00000|100%| O|  |TAMS 0x000000074dc00000| PB 0x000000074da00000| Untracked 
| 110|0x000000074dc00000, 0x000000074de00000, 0x000000074de00000|100%| O|  |TAMS 0x000000074de00000| PB 0x000000074dc00000| Untracked 
| 111|0x000000074de00000, 0x000000074e000000, 0x000000074e000000|100%| O|  |TAMS 0x000000074e000000| PB 0x000000074de00000| Untracked 
| 112|0x000000074e000000, 0x000000074e200000, 0x000000074e200000|100%| O|  |TAMS 0x000000074e200000| PB 0x000000074e000000| Untracked 
| 113|0x000000074e200000, 0x000000074e400000, 0x000000074e400000|100%| O|  |TAMS 0x000000074e400000| PB 0x000000074e200000| Untracked 
| 114|0x000000074e400000, 0x000000074e600000, 0x000000074e600000|100%| O|  |TAMS 0x000000074e600000| PB 0x000000074e400000| Untracked 
| 115|0x000000074e600000, 0x000000074e800000, 0x000000074e800000|100%| O|  |TAMS 0x000000074e800000| PB 0x000000074e600000| Untracked 
| 116|0x000000074e800000, 0x000000074ea00000, 0x000000074ea00000|100%| O|  |TAMS 0x000000074ea00000| PB 0x000000074e800000| Untracked 
| 117|0x000000074ea00000, 0x000000074ec00000, 0x000000074ec00000|100%| O|  |TAMS 0x000000074ec00000| PB 0x000000074ea00000| Untracked 
| 118|0x000000074ec00000, 0x000000074ee00000, 0x000000074ee00000|100%| O|  |TAMS 0x000000074ec00000| PB 0x000000074ec00000| Untracked 
| 119|0x000000074ee00000, 0x000000074f000000, 0x000000074f000000|100%| O|  |TAMS 0x000000074f000000| PB 0x000000074ee00000| Untracked 
| 120|0x000000074f000000, 0x000000074f200000, 0x000000074f200000|100%| O|  |TAMS 0x000000074f200000| PB 0x000000074f000000| Untracked 
| 121|0x000000074f200000, 0x000000074f400000, 0x000000074f400000|100%| O|  |TAMS 0x000000074f400000| PB 0x000000074f200000| Untracked 
| 122|0x000000074f400000, 0x000000074f600000, 0x000000074f600000|100%| O|  |TAMS 0x000000074f400000| PB 0x000000074f400000| Untracked 
| 123|0x000000074f600000, 0x000000074f800000, 0x000000074f800000|100%| O|  |TAMS 0x000000074f800000| PB 0x000000074f600000| Untracked 
| 124|0x000000074f800000, 0x000000074fa00000, 0x000000074fa00000|100%| O|  |TAMS 0x000000074fa00000| PB 0x000000074f800000| Untracked 
| 125|0x000000074fa00000, 0x000000074fc00000, 0x000000074fc00000|100%| O|  |TAMS 0x000000074fc00000| PB 0x000000074fa00000| Untracked 
| 126|0x000000074fc00000, 0x000000074fe00000, 0x000000074fe00000|100%| O|  |TAMS 0x000000074fe00000| PB 0x000000074fc00000| Untracked 
| 127|0x000000074fe00000, 0x0000000750000000, 0x0000000750000000|100%| O|  |TAMS 0x0000000750000000| PB 0x000000074fe00000| Untracked 
| 128|0x0000000750000000, 0x0000000750200000, 0x0000000750200000|100%| O|  |TAMS 0x0000000750200000| PB 0x0000000750000000| Untracked 
| 129|0x0000000750200000, 0x0000000750400000, 0x0000000750400000|100%| O|  |TAMS 0x0000000750400000| PB 0x0000000750200000| Untracked 
| 130|0x0000000750400000, 0x0000000750600000, 0x0000000750600000|100%| O|  |TAMS 0x0000000750600000| PB 0x0000000750400000| Untracked 
| 131|0x0000000750600000, 0x0000000750800000, 0x0000000750800000|100%| O|  |TAMS 0x0000000750600000| PB 0x0000000750600000| Untracked 
| 132|0x0000000750800000, 0x0000000750a00000, 0x0000000750a00000|100%| O|  |TAMS 0x0000000750a00000| PB 0x0000000750800000| Untracked 
| 133|0x0000000750a00000, 0x0000000750c00000, 0x0000000750c00000|100%| O|  |TAMS 0x0000000750c00000| PB 0x0000000750a00000| Untracked 
| 134|0x0000000750c00000, 0x0000000750e00000, 0x0000000750e00000|100%| O|  |TAMS 0x0000000750e00000| PB 0x0000000750c00000| Untracked 
| 135|0x0000000750e00000, 0x0000000751000000, 0x0000000751000000|100%| O|  |TAMS 0x0000000751000000| PB 0x0000000750e00000| Untracked 
| 136|0x0000000751000000, 0x0000000751200000, 0x0000000751200000|100%| O|  |TAMS 0x0000000751200000| PB 0x0000000751000000| Untracked 
| 137|0x0000000751200000, 0x0000000751400000, 0x0000000751400000|100%| O|  |TAMS 0x0000000751400000| PB 0x0000000751200000| Untracked 
| 138|0x0000000751400000, 0x0000000751600000, 0x0000000751600000|100%| O|  |TAMS 0x0000000751600000| PB 0x0000000751400000| Untracked 
| 139|0x0000000751600000, 0x0000000751800000, 0x0000000751800000|100%| O|  |TAMS 0x0000000751800000| PB 0x0000000751600000| Untracked 
| 140|0x0000000751800000, 0x0000000751a00000, 0x0000000751a00000|100%| O|  |TAMS 0x0000000751a00000| PB 0x0000000751800000| Untracked 
| 141|0x0000000751a00000, 0x0000000751c00000, 0x0000000751c00000|100%| O|  |TAMS 0x0000000751c00000| PB 0x0000000751a00000| Untracked 
| 142|0x0000000751c00000, 0x0000000751e00000, 0x0000000751e00000|100%| O|  |TAMS 0x0000000751e00000| PB 0x0000000751c00000| Untracked 
| 143|0x0000000751e00000, 0x0000000752000000, 0x0000000752000000|100%| O|  |TAMS 0x0000000752000000| PB 0x0000000751e00000| Untracked 
| 144|0x0000000752000000, 0x0000000752200000, 0x0000000752200000|100%| O|  |TAMS 0x0000000752200000| PB 0x0000000752000000| Untracked 
| 145|0x0000000752200000, 0x0000000752400000, 0x0000000752400000|100%| O|  |TAMS 0x0000000752400000| PB 0x0000000752200000| Untracked 
| 146|0x0000000752400000, 0x0000000752600000, 0x0000000752600000|100%| O|  |TAMS 0x0000000752600000| PB 0x0000000752400000| Untracked 
| 147|0x0000000752600000, 0x0000000752800000, 0x0000000752800000|100%| O|  |TAMS 0x0000000752800000| PB 0x0000000752600000| Untracked 
| 148|0x0000000752800000, 0x0000000752a00000, 0x0000000752a00000|100%| O|  |TAMS 0x0000000752a00000| PB 0x0000000752800000| Untracked 
| 149|0x0000000752a00000, 0x0000000752c00000, 0x0000000752c00000|100%| O|  |TAMS 0x0000000752c00000| PB 0x0000000752a00000| Untracked 
| 150|0x0000000752c00000, 0x0000000752e00000, 0x0000000752e00000|100%| O|  |TAMS 0x0000000752e00000| PB 0x0000000752c00000| Untracked 
| 151|0x0000000752e00000, 0x0000000753000000, 0x0000000753000000|100%| O|  |TAMS 0x0000000753000000| PB 0x0000000752e00000| Untracked 
| 152|0x0000000753000000, 0x0000000753200000, 0x0000000753200000|100%| O|  |TAMS 0x0000000753000000| PB 0x0000000753000000| Untracked 
| 153|0x0000000753200000, 0x0000000753400000, 0x0000000753400000|100%| O|  |TAMS 0x0000000753400000| PB 0x0000000753200000| Untracked 
| 154|0x0000000753400000, 0x0000000753600000, 0x0000000753600000|100%| O|  |TAMS 0x0000000753600000| PB 0x0000000753400000| Untracked 
| 155|0x0000000753600000, 0x0000000753800000, 0x0000000753800000|100%| O|  |TAMS 0x0000000753800000| PB 0x0000000753600000| Untracked 
| 156|0x0000000753800000, 0x0000000753a00000, 0x0000000753a00000|100%| O|  |TAMS 0x0000000753a00000| PB 0x0000000753800000| Untracked 
| 157|0x0000000753a00000, 0x0000000753c00000, 0x0000000753c00000|100%| O|  |TAMS 0x0000000753c00000| PB 0x0000000753a00000| Untracked 
| 158|0x0000000753c00000, 0x0000000753e00000, 0x0000000753e00000|100%| O|  |TAMS 0x0000000753e00000| PB 0x0000000753c00000| Untracked 
| 159|0x0000000753e00000, 0x0000000754000000, 0x0000000754000000|100%| O|  |TAMS 0x0000000754000000| PB 0x0000000753e00000| Untracked 
| 160|0x0000000754000000, 0x0000000754200000, 0x0000000754200000|100%| O|  |TAMS 0x0000000754000000| PB 0x0000000754000000| Untracked 
| 161|0x0000000754200000, 0x0000000754400000, 0x0000000754400000|100%| O|  |TAMS 0x0000000754400000| PB 0x0000000754200000| Untracked 
| 162|0x0000000754400000, 0x0000000754600000, 0x0000000754600000|100%| O|  |TAMS 0x0000000754600000| PB 0x0000000754400000| Untracked 
| 163|0x0000000754600000, 0x0000000754800000, 0x0000000754800000|100%| O|  |TAMS 0x0000000754800000| PB 0x0000000754600000| Untracked 
| 164|0x0000000754800000, 0x0000000754a00000, 0x0000000754a00000|100%| O|  |TAMS 0x0000000754a00000| PB 0x0000000754800000| Untracked 
| 165|0x0000000754a00000, 0x0000000754c00000, 0x0000000754c00000|100%| O|  |TAMS 0x0000000754a00000| PB 0x0000000754a00000| Untracked 
| 166|0x0000000754c00000, 0x0000000754e00000, 0x0000000754e00000|100%| O|  |TAMS 0x0000000754c00000| PB 0x0000000754c00000| Untracked 
| 167|0x0000000754e00000, 0x0000000755000000, 0x0000000755000000|100%| O|  |TAMS 0x0000000755000000| PB 0x0000000754e00000| Untracked 
| 168|0x0000000755000000, 0x0000000755200000, 0x0000000755200000|100%| O|  |TAMS 0x0000000755200000| PB 0x0000000755000000| Untracked 
| 169|0x0000000755200000, 0x0000000755400000, 0x0000000755400000|100%| O|  |TAMS 0x0000000755400000| PB 0x0000000755200000| Untracked 
| 170|0x0000000755400000, 0x0000000755600000, 0x0000000755600000|100%| O|  |TAMS 0x0000000755600000| PB 0x0000000755400000| Untracked 
| 171|0x0000000755600000, 0x0000000755800000, 0x0000000755800000|100%| O|  |TAMS 0x0000000755800000| PB 0x0000000755600000| Untracked 
| 172|0x0000000755800000, 0x0000000755a00000, 0x0000000755a00000|100%| O|  |TAMS 0x0000000755a00000| PB 0x0000000755800000| Untracked 
| 173|0x0000000755a00000, 0x0000000755c00000, 0x0000000755c00000|100%| O|  |TAMS 0x0000000755c00000| PB 0x0000000755a00000| Untracked 
| 174|0x0000000755c00000, 0x0000000755e00000, 0x0000000755e00000|100%| O|  |TAMS 0x0000000755c00000| PB 0x0000000755c00000| Untracked 
| 175|0x0000000755e00000, 0x0000000756000000, 0x0000000756000000|100%| O|  |TAMS 0x0000000756000000| PB 0x0000000755e00000| Untracked 
| 176|0x0000000756000000, 0x0000000756200000, 0x0000000756200000|100%| O|  |TAMS 0x0000000756200000| PB 0x0000000756000000| Untracked 
| 177|0x0000000756200000, 0x0000000756400000, 0x0000000756400000|100%| O|  |TAMS 0x0000000756400000| PB 0x0000000756200000| Untracked 
| 178|0x0000000756400000, 0x0000000756600000, 0x0000000756600000|100%| O|  |TAMS 0x0000000756600000| PB 0x0000000756400000| Untracked 
| 179|0x0000000756600000, 0x0000000756800000, 0x0000000756800000|100%| O|  |TAMS 0x0000000756800000| PB 0x0000000756600000| Untracked 
| 180|0x0000000756800000, 0x0000000756a00000, 0x0000000756a00000|100%| O|  |TAMS 0x0000000756a00000| PB 0x0000000756800000| Untracked 
| 181|0x0000000756a00000, 0x0000000756c00000, 0x0000000756c00000|100%| O|  |TAMS 0x0000000756c00000| PB 0x0000000756a00000| Untracked 
| 182|0x0000000756c00000, 0x0000000756e00000, 0x0000000756e00000|100%| O|  |TAMS 0x0000000756e00000| PB 0x0000000756c00000| Untracked 
| 183|0x0000000756e00000, 0x0000000757000000, 0x0000000757000000|100%| O|  |TAMS 0x0000000757000000| PB 0x0000000756e00000| Untracked 
| 184|0x0000000757000000, 0x0000000757200000, 0x0000000757200000|100%| O|  |TAMS 0x0000000757200000| PB 0x0000000757000000| Untracked 
| 185|0x0000000757200000, 0x0000000757400000, 0x0000000757400000|100%| O|  |TAMS 0x0000000757400000| PB 0x0000000757200000| Untracked 
| 186|0x0000000757400000, 0x0000000757600000, 0x0000000757600000|100%| O|  |TAMS 0x0000000757600000| PB 0x0000000757400000| Untracked 
| 187|0x0000000757600000, 0x0000000757800000, 0x0000000757800000|100%| O|  |TAMS 0x0000000757800000| PB 0x0000000757600000| Untracked 
| 188|0x0000000757800000, 0x0000000757a00000, 0x0000000757a00000|100%| O|  |TAMS 0x0000000757a00000| PB 0x0000000757800000| Untracked 
| 189|0x0000000757a00000, 0x0000000757c00000, 0x0000000757c00000|100%| O|  |TAMS 0x0000000757c00000| PB 0x0000000757a00000| Untracked 
| 190|0x0000000757c00000, 0x0000000757e00000, 0x0000000757e00000|100%| O|  |TAMS 0x0000000757c00000| PB 0x0000000757c00000| Untracked 
| 191|0x0000000757e00000, 0x0000000758000000, 0x0000000758000000|100%| O|  |TAMS 0x0000000757e00000| PB 0x0000000757e00000| Untracked 
| 192|0x0000000758000000, 0x0000000758200000, 0x0000000758200000|100%| O|  |TAMS 0x0000000758200000| PB 0x0000000758000000| Untracked 
| 193|0x0000000758200000, 0x0000000758400000, 0x0000000758400000|100%| O|  |TAMS 0x0000000758400000| PB 0x0000000758200000| Untracked 
| 194|0x0000000758400000, 0x0000000758600000, 0x0000000758600000|100%| O|  |TAMS 0x0000000758600000| PB 0x0000000758400000| Untracked 
| 195|0x0000000758600000, 0x0000000758800000, 0x0000000758800000|100%| O|  |TAMS 0x0000000758800000| PB 0x0000000758600000| Untracked 
| 196|0x0000000758800000, 0x0000000758a00000, 0x0000000758a00000|100%| O|  |TAMS 0x0000000758a00000| PB 0x0000000758800000| Untracked 
| 197|0x0000000758a00000, 0x0000000758c00000, 0x0000000758c00000|100%| O|  |TAMS 0x0000000758c00000| PB 0x0000000758a00000| Untracked 
| 198|0x0000000758c00000, 0x0000000758e00000, 0x0000000758e00000|100%| O|  |TAMS 0x0000000758e00000| PB 0x0000000758c00000| Untracked 
| 199|0x0000000758e00000, 0x0000000759000000, 0x0000000759000000|100%| O|  |TAMS 0x0000000759000000| PB 0x0000000758e00000| Untracked 
| 200|0x0000000759000000, 0x0000000759200000, 0x0000000759200000|100%| O|  |TAMS 0x0000000759200000| PB 0x0000000759000000| Untracked 
| 201|0x0000000759200000, 0x0000000759400000, 0x0000000759400000|100%| O|  |TAMS 0x0000000759400000| PB 0x0000000759200000| Untracked 
| 202|0x0000000759400000, 0x0000000759600000, 0x0000000759600000|100%| O|  |TAMS 0x0000000759600000| PB 0x0000000759400000| Untracked 
| 203|0x0000000759600000, 0x0000000759800000, 0x0000000759800000|100%| O|  |TAMS 0x0000000759800000| PB 0x0000000759600000| Untracked 
| 204|0x0000000759800000, 0x0000000759a00000, 0x0000000759a00000|100%| O|  |TAMS 0x0000000759a00000| PB 0x0000000759800000| Untracked 
| 205|0x0000000759a00000, 0x0000000759c00000, 0x0000000759c00000|100%| O|  |TAMS 0x0000000759c00000| PB 0x0000000759a00000| Untracked 
| 206|0x0000000759c00000, 0x0000000759e00000, 0x0000000759e00000|100%| O|  |TAMS 0x0000000759e00000| PB 0x0000000759c00000| Untracked 
| 207|0x0000000759e00000, 0x000000075a000000, 0x000000075a000000|100%| O|  |TAMS 0x000000075a000000| PB 0x0000000759e00000| Untracked 
| 208|0x000000075a000000, 0x000000075a200000, 0x000000075a200000|100%| O|  |TAMS 0x000000075a200000| PB 0x000000075a000000| Untracked 
| 209|0x000000075a200000, 0x000000075a400000, 0x000000075a400000|100%| O|  |TAMS 0x000000075a400000| PB 0x000000075a200000| Untracked 
| 210|0x000000075a400000, 0x000000075a600000, 0x000000075a600000|100%| O|  |TAMS 0x000000075a600000| PB 0x000000075a400000| Untracked 
| 211|0x000000075a600000, 0x000000075a800000, 0x000000075a800000|100%| O|  |TAMS 0x000000075a800000| PB 0x000000075a600000| Untracked 
| 212|0x000000075a800000, 0x000000075aa00000, 0x000000075aa00000|100%| O|  |TAMS 0x000000075aa00000| PB 0x000000075a800000| Untracked 
| 213|0x000000075aa00000, 0x000000075ac00000, 0x000000075ac00000|100%| O|  |TAMS 0x000000075ac00000| PB 0x000000075aa00000| Untracked 
| 214|0x000000075ac00000, 0x000000075ae00000, 0x000000075ae00000|100%| O|  |TAMS 0x000000075ae00000| PB 0x000000075ac00000| Untracked 
| 215|0x000000075ae00000, 0x000000075b000000, 0x000000075b000000|100%| O|  |TAMS 0x000000075b000000| PB 0x000000075ae00000| Untracked 
| 216|0x000000075b000000, 0x000000075b200000, 0x000000075b200000|100%| O|  |TAMS 0x000000075b200000| PB 0x000000075b000000| Untracked 
| 217|0x000000075b200000, 0x000000075b400000, 0x000000075b400000|100%| O|  |TAMS 0x000000075b39c7c0| PB 0x000000075b200000| Untracked 
| 218|0x000000075b400000, 0x000000075b600000, 0x000000075b600000|100%| O|  |TAMS 0x000000075b400000| PB 0x000000075b400000| Untracked 
| 219|0x000000075b600000, 0x000000075b800000, 0x000000075b800000|100%| O|  |TAMS 0x000000075b600000| PB 0x000000075b600000| Untracked 
| 220|0x000000075b800000, 0x000000075ba00000, 0x000000075ba00000|100%| O|  |TAMS 0x000000075b800000| PB 0x000000075b800000| Untracked 
| 221|0x000000075ba00000, 0x000000075bacf7b8, 0x000000075bc00000| 40%| O|  |TAMS 0x000000075ba00000| PB 0x000000075ba00000| Untracked 
| 222|0x000000075bc00000, 0x000000075bc00000, 0x000000075be00000|  0%| F|  |TAMS 0x000000075bc00000| PB 0x000000075bc00000| Untracked 
| 223|0x000000075be00000, 0x000000075be00000, 0x000000075c000000|  0%| F|  |TAMS 0x000000075be00000| PB 0x000000075be00000| Untracked 
| 224|0x000000075c000000, 0x000000075c000000, 0x000000075c200000|  0%| F|  |TAMS 0x000000075c000000| PB 0x000000075c000000| Untracked 
| 225|0x000000075c200000, 0x000000075c200000, 0x000000075c400000|  0%| F|  |TAMS 0x000000075c200000| PB 0x000000075c200000| Untracked 
| 226|0x000000075c400000, 0x000000075c400000, 0x000000075c600000|  0%| F|  |TAMS 0x000000075c400000| PB 0x000000075c400000| Untracked 
| 227|0x000000075c600000, 0x000000075c600000, 0x000000075c800000|  0%| F|  |TAMS 0x000000075c600000| PB 0x000000075c600000| Untracked 
| 228|0x000000075c800000, 0x000000075c800000, 0x000000075ca00000|  0%| F|  |TAMS 0x000000075c800000| PB 0x000000075c800000| Untracked 
| 229|0x000000075ca00000, 0x000000075ca00000, 0x000000075cc00000|  0%| F|  |TAMS 0x000000075ca00000| PB 0x000000075ca00000| Untracked 
| 230|0x000000075cc00000, 0x000000075cc00000, 0x000000075ce00000|  0%| F|  |TAMS 0x000000075cc00000| PB 0x000000075cc00000| Untracked 
| 231|0x000000075ce00000, 0x000000075ce00000, 0x000000075d000000|  0%| F|  |TAMS 0x000000075ce00000| PB 0x000000075ce00000| Untracked 
| 232|0x000000075d000000, 0x000000075d000000, 0x000000075d200000|  0%| F|  |TAMS 0x000000075d000000| PB 0x000000075d000000| Untracked 
| 233|0x000000075d200000, 0x000000075d200000, 0x000000075d400000|  0%| F|  |TAMS 0x000000075d200000| PB 0x000000075d200000| Untracked 
| 234|0x000000075d400000, 0x000000075d400000, 0x000000075d600000|  0%| F|  |TAMS 0x000000075d400000| PB 0x000000075d400000| Untracked 
| 235|0x000000075d600000, 0x000000075d600000, 0x000000075d800000|  0%| F|  |TAMS 0x000000075d600000| PB 0x000000075d600000| Untracked 
| 236|0x000000075d800000, 0x000000075d800000, 0x000000075da00000|  0%| F|  |TAMS 0x000000075d800000| PB 0x000000075d800000| Untracked 
| 237|0x000000075da00000, 0x000000075da00000, 0x000000075dc00000|  0%| F|  |TAMS 0x000000075da00000| PB 0x000000075da00000| Untracked 
| 238|0x000000075dc00000, 0x000000075dc00000, 0x000000075de00000|  0%| F|  |TAMS 0x000000075dc00000| PB 0x000000075dc00000| Untracked 
| 239|0x000000075de00000, 0x000000075de00000, 0x000000075e000000|  0%| F|  |TAMS 0x000000075de00000| PB 0x000000075de00000| Untracked 
| 240|0x000000075e000000, 0x000000075e000000, 0x000000075e200000|  0%| F|  |TAMS 0x000000075e000000| PB 0x000000075e000000| Untracked 
| 241|0x000000075e200000, 0x000000075e200000, 0x000000075e400000|  0%| F|  |TAMS 0x000000075e200000| PB 0x000000075e200000| Untracked 
| 242|0x000000075e400000, 0x000000075e400000, 0x000000075e600000|  0%| F|  |TAMS 0x000000075e400000| PB 0x000000075e400000| Untracked 
| 243|0x000000075e600000, 0x000000075e600000, 0x000000075e800000|  0%| F|  |TAMS 0x000000075e600000| PB 0x000000075e600000| Untracked 
| 244|0x000000075e800000, 0x000000075e800000, 0x000000075ea00000|  0%| F|  |TAMS 0x000000075e800000| PB 0x000000075e800000| Untracked 
| 245|0x000000075ea00000, 0x000000075ea00000, 0x000000075ec00000|  0%| F|  |TAMS 0x000000075ea00000| PB 0x000000075ea00000| Untracked 
| 246|0x000000075ec00000, 0x000000075ec00000, 0x000000075ee00000|  0%| F|  |TAMS 0x000000075ec00000| PB 0x000000075ec00000| Untracked 
| 247|0x000000075ee00000, 0x000000075ee00000, 0x000000075f000000|  0%| F|  |TAMS 0x000000075ee00000| PB 0x000000075ee00000| Untracked 
| 248|0x000000075f000000, 0x000000075f000000, 0x000000075f200000|  0%| F|  |TAMS 0x000000075f000000| PB 0x000000075f000000| Untracked 
| 249|0x000000075f200000, 0x000000075f200000, 0x000000075f400000|  0%| F|  |TAMS 0x000000075f200000| PB 0x000000075f200000| Untracked 
| 250|0x000000075f400000, 0x000000075f600000, 0x000000075f600000|100%| S|CS|TAMS 0x000000075f400000| PB 0x000000075f400000| Complete 
| 251|0x000000075f600000, 0x000000075f800000, 0x000000075f800000|100%| S|CS|TAMS 0x000000075f600000| PB 0x000000075f600000| Complete 
| 252|0x000000075f800000, 0x000000075fa00000, 0x000000075fa00000|100%| S|CS|TAMS 0x000000075f800000| PB 0x000000075f800000| Complete 
| 253|0x000000075fa00000, 0x000000075fc00000, 0x000000075fc00000|100%| S|CS|TAMS 0x000000075fa00000| PB 0x000000075fa00000| Complete 
| 254|0x000000075fc00000, 0x000000075fe00000, 0x000000075fe00000|100%| S|CS|TAMS 0x000000075fc00000| PB 0x000000075fc00000| Complete 
| 255|0x000000075fe00000, 0x0000000760000000, 0x0000000760000000|100%| S|CS|TAMS 0x000000075fe00000| PB 0x000000075fe00000| Complete 
| 256|0x0000000760000000, 0x0000000760200000, 0x0000000760200000|100%| S|CS|TAMS 0x0000000760000000| PB 0x0000000760000000| Complete 
| 257|0x0000000760200000, 0x0000000760400000, 0x0000000760400000|100%| S|CS|TAMS 0x0000000760200000| PB 0x0000000760200000| Complete 
| 258|0x0000000760400000, 0x0000000760600000, 0x0000000760600000|100%| S|CS|TAMS 0x0000000760400000| PB 0x0000000760400000| Complete 
| 259|0x0000000760600000, 0x0000000760600000, 0x0000000760800000|  0%| F|  |TAMS 0x0000000760600000| PB 0x0000000760600000| Untracked 
| 260|0x0000000760800000, 0x0000000760800000, 0x0000000760a00000|  0%| F|  |TAMS 0x0000000760800000| PB 0x0000000760800000| Untracked 
| 261|0x0000000760a00000, 0x0000000760a00000, 0x0000000760c00000|  0%| F|  |TAMS 0x0000000760a00000| PB 0x0000000760a00000| Untracked 
| 262|0x0000000760c00000, 0x0000000760c00000, 0x0000000760e00000|  0%| F|  |TAMS 0x0000000760c00000| PB 0x0000000760c00000| Untracked 
| 263|0x0000000760e00000, 0x0000000761000000, 0x0000000761000000|100%| S|CS|TAMS 0x0000000760e00000| PB 0x0000000760e00000| Complete 
| 264|0x0000000761000000, 0x0000000761200000, 0x0000000761200000|100%| S|CS|TAMS 0x0000000761000000| PB 0x0000000761000000| Complete 
| 265|0x0000000761200000, 0x0000000761400000, 0x0000000761400000|100%| S|CS|TAMS 0x0000000761200000| PB 0x0000000761200000| Complete 
| 266|0x0000000761400000, 0x0000000761600000, 0x0000000761600000|100%| S|CS|TAMS 0x0000000761400000| PB 0x0000000761400000| Complete 
| 267|0x0000000761600000, 0x0000000761600000, 0x0000000761800000|  0%| F|  |TAMS 0x0000000761600000| PB 0x0000000761600000| Untracked 
| 268|0x0000000761800000, 0x0000000761800000, 0x0000000761a00000|  0%| F|  |TAMS 0x0000000761800000| PB 0x0000000761800000| Untracked 
| 269|0x0000000761a00000, 0x0000000761a00000, 0x0000000761c00000|  0%| F|  |TAMS 0x0000000761a00000| PB 0x0000000761a00000| Untracked 
| 270|0x0000000761c00000, 0x0000000761c00000, 0x0000000761e00000|  0%| F|  |TAMS 0x0000000761c00000| PB 0x0000000761c00000| Untracked 
| 271|0x0000000761e00000, 0x0000000761e00000, 0x0000000762000000|  0%| F|  |TAMS 0x0000000761e00000| PB 0x0000000761e00000| Untracked 
| 272|0x0000000762000000, 0x0000000762000000, 0x0000000762200000|  0%| F|  |TAMS 0x0000000762000000| PB 0x0000000762000000| Untracked 
| 273|0x0000000762200000, 0x0000000762200000, 0x0000000762400000|  0%| F|  |TAMS 0x0000000762200000| PB 0x0000000762200000| Untracked 
| 274|0x0000000762400000, 0x0000000762400000, 0x0000000762600000|  0%| F|  |TAMS 0x0000000762400000| PB 0x0000000762400000| Untracked 
| 275|0x0000000762600000, 0x0000000762600000, 0x0000000762800000|  0%| F|  |TAMS 0x0000000762600000| PB 0x0000000762600000| Untracked 
| 276|0x0000000762800000, 0x0000000762800000, 0x0000000762a00000|  0%| F|  |TAMS 0x0000000762800000| PB 0x0000000762800000| Untracked 
| 277|0x0000000762a00000, 0x0000000762a00000, 0x0000000762c00000|  0%| F|  |TAMS 0x0000000762a00000| PB 0x0000000762a00000| Untracked 
| 278|0x0000000762c00000, 0x0000000762c00000, 0x0000000762e00000|  0%| F|  |TAMS 0x0000000762c00000| PB 0x0000000762c00000| Untracked 
| 279|0x0000000762e00000, 0x0000000762e00000, 0x0000000763000000|  0%| F|  |TAMS 0x0000000762e00000| PB 0x0000000762e00000| Untracked 
| 280|0x0000000763000000, 0x0000000763000000, 0x0000000763200000|  0%| F|  |TAMS 0x0000000763000000| PB 0x0000000763000000| Untracked 
| 281|0x0000000763200000, 0x0000000763200000, 0x0000000763400000|  0%| F|  |TAMS 0x0000000763200000| PB 0x0000000763200000| Untracked 
| 282|0x0000000763400000, 0x0000000763400000, 0x0000000763600000|  0%| F|  |TAMS 0x0000000763400000| PB 0x0000000763400000| Untracked 
| 283|0x0000000763600000, 0x0000000763600000, 0x0000000763800000|  0%| F|  |TAMS 0x0000000763600000| PB 0x0000000763600000| Untracked 
| 284|0x0000000763800000, 0x0000000763800000, 0x0000000763a00000|  0%| F|  |TAMS 0x0000000763800000| PB 0x0000000763800000| Untracked 
| 285|0x0000000763a00000, 0x0000000763a00000, 0x0000000763c00000|  0%| F|  |TAMS 0x0000000763a00000| PB 0x0000000763a00000| Untracked 
| 286|0x0000000763c00000, 0x0000000763c00000, 0x0000000763e00000|  0%| F|  |TAMS 0x0000000763c00000| PB 0x0000000763c00000| Untracked 
| 287|0x0000000763e00000, 0x0000000763e00000, 0x0000000764000000|  0%| F|  |TAMS 0x0000000763e00000| PB 0x0000000763e00000| Untracked 
| 288|0x0000000764000000, 0x0000000764000000, 0x0000000764200000|  0%| F|  |TAMS 0x0000000764000000| PB 0x0000000764000000| Untracked 
| 289|0x0000000764200000, 0x0000000764200000, 0x0000000764400000|  0%| F|  |TAMS 0x0000000764200000| PB 0x0000000764200000| Untracked 
| 290|0x0000000764400000, 0x0000000764400000, 0x0000000764600000|  0%| F|  |TAMS 0x0000000764400000| PB 0x0000000764400000| Untracked 
| 291|0x0000000764600000, 0x0000000764600000, 0x0000000764800000|  0%| F|  |TAMS 0x0000000764600000| PB 0x0000000764600000| Untracked 
| 292|0x0000000764800000, 0x0000000764800000, 0x0000000764a00000|  0%| F|  |TAMS 0x0000000764800000| PB 0x0000000764800000| Untracked 
| 293|0x0000000764a00000, 0x0000000764a00000, 0x0000000764c00000|  0%| F|  |TAMS 0x0000000764a00000| PB 0x0000000764a00000| Untracked 
| 294|0x0000000764c00000, 0x0000000764c00000, 0x0000000764e00000|  0%| F|  |TAMS 0x0000000764c00000| PB 0x0000000764c00000| Untracked 
| 295|0x0000000764e00000, 0x0000000764e00000, 0x0000000765000000|  0%| F|  |TAMS 0x0000000764e00000| PB 0x0000000764e00000| Untracked 
| 296|0x0000000765000000, 0x0000000765000000, 0x0000000765200000|  0%| F|  |TAMS 0x0000000765000000| PB 0x0000000765000000| Untracked 
| 297|0x0000000765200000, 0x0000000765200000, 0x0000000765400000|  0%| F|  |TAMS 0x0000000765200000| PB 0x0000000765200000| Untracked 
| 298|0x0000000765400000, 0x0000000765400000, 0x0000000765600000|  0%| F|  |TAMS 0x0000000765400000| PB 0x0000000765400000| Untracked 
| 299|0x0000000765600000, 0x0000000765600000, 0x0000000765800000|  0%| F|  |TAMS 0x0000000765600000| PB 0x0000000765600000| Untracked 
| 300|0x0000000765800000, 0x0000000765800000, 0x0000000765a00000|  0%| F|  |TAMS 0x0000000765800000| PB 0x0000000765800000| Untracked 
| 301|0x0000000765a00000, 0x0000000765a00000, 0x0000000765c00000|  0%| F|  |TAMS 0x0000000765a00000| PB 0x0000000765a00000| Untracked 
| 302|0x0000000765c00000, 0x0000000765c00000, 0x0000000765e00000|  0%| F|  |TAMS 0x0000000765c00000| PB 0x0000000765c00000| Untracked 
| 303|0x0000000765e00000, 0x0000000765e00000, 0x0000000766000000|  0%| F|  |TAMS 0x0000000765e00000| PB 0x0000000765e00000| Untracked 
| 304|0x0000000766000000, 0x0000000766000000, 0x0000000766200000|  0%| F|  |TAMS 0x0000000766000000| PB 0x0000000766000000| Untracked 
| 305|0x0000000766200000, 0x0000000766200000, 0x0000000766400000|  0%| F|  |TAMS 0x0000000766200000| PB 0x0000000766200000| Untracked 
| 306|0x0000000766400000, 0x0000000766400000, 0x0000000766600000|  0%| F|  |TAMS 0x0000000766400000| PB 0x0000000766400000| Untracked 
| 307|0x0000000766600000, 0x0000000766600000, 0x0000000766800000|  0%| F|  |TAMS 0x0000000766600000| PB 0x0000000766600000| Untracked 
| 308|0x0000000766800000, 0x0000000766800000, 0x0000000766a00000|  0%| F|  |TAMS 0x0000000766800000| PB 0x0000000766800000| Untracked 
| 309|0x0000000766a00000, 0x0000000766a00000, 0x0000000766c00000|  0%| F|  |TAMS 0x0000000766a00000| PB 0x0000000766a00000| Untracked 
| 310|0x0000000766c00000, 0x0000000766c00000, 0x0000000766e00000|  0%| F|  |TAMS 0x0000000766c00000| PB 0x0000000766c00000| Untracked 
| 311|0x0000000766e00000, 0x0000000766e00000, 0x0000000767000000|  0%| F|  |TAMS 0x0000000766e00000| PB 0x0000000766e00000| Untracked 
| 312|0x0000000767000000, 0x0000000767000000, 0x0000000767200000|  0%| F|  |TAMS 0x0000000767000000| PB 0x0000000767000000| Untracked 
| 313|0x0000000767200000, 0x0000000767200000, 0x0000000767400000|  0%| F|  |TAMS 0x0000000767200000| PB 0x0000000767200000| Untracked 
| 314|0x0000000767400000, 0x0000000767400000, 0x0000000767600000|  0%| F|  |TAMS 0x0000000767400000| PB 0x0000000767400000| Untracked 
| 315|0x0000000767600000, 0x0000000767600000, 0x0000000767800000|  0%| F|  |TAMS 0x0000000767600000| PB 0x0000000767600000| Untracked 
| 316|0x0000000767800000, 0x0000000767800000, 0x0000000767a00000|  0%| F|  |TAMS 0x0000000767800000| PB 0x0000000767800000| Untracked 
| 317|0x0000000767a00000, 0x0000000767a00000, 0x0000000767c00000|  0%| F|  |TAMS 0x0000000767a00000| PB 0x0000000767a00000| Untracked 
| 318|0x0000000767c00000, 0x0000000767c00000, 0x0000000767e00000|  0%| F|  |TAMS 0x0000000767c00000| PB 0x0000000767c00000| Untracked 
| 319|0x0000000767e00000, 0x0000000767e00000, 0x0000000768000000|  0%| F|  |TAMS 0x0000000767e00000| PB 0x0000000767e00000| Untracked 
| 320|0x0000000768000000, 0x0000000768000000, 0x0000000768200000|  0%| F|  |TAMS 0x0000000768000000| PB 0x0000000768000000| Untracked 
| 321|0x0000000768200000, 0x0000000768200000, 0x0000000768400000|  0%| F|  |TAMS 0x0000000768200000| PB 0x0000000768200000| Untracked 
| 322|0x0000000768400000, 0x0000000768400000, 0x0000000768600000|  0%| F|  |TAMS 0x0000000768400000| PB 0x0000000768400000| Untracked 
| 323|0x0000000768600000, 0x0000000768600000, 0x0000000768800000|  0%| F|  |TAMS 0x0000000768600000| PB 0x0000000768600000| Untracked 
| 324|0x0000000768800000, 0x0000000768800000, 0x0000000768a00000|  0%| F|  |TAMS 0x0000000768800000| PB 0x0000000768800000| Untracked 
| 325|0x0000000768a00000, 0x0000000768a00000, 0x0000000768c00000|  0%| F|  |TAMS 0x0000000768a00000| PB 0x0000000768a00000| Untracked 
| 326|0x0000000768c00000, 0x0000000768c00000, 0x0000000768e00000|  0%| F|  |TAMS 0x0000000768c00000| PB 0x0000000768c00000| Untracked 
| 327|0x0000000768e00000, 0x0000000768e00000, 0x0000000769000000|  0%| F|  |TAMS 0x0000000768e00000| PB 0x0000000768e00000| Untracked 
| 328|0x0000000769000000, 0x0000000769000000, 0x0000000769200000|  0%| F|  |TAMS 0x0000000769000000| PB 0x0000000769000000| Untracked 
| 329|0x0000000769200000, 0x0000000769200000, 0x0000000769400000|  0%| F|  |TAMS 0x0000000769200000| PB 0x0000000769200000| Untracked 
| 330|0x0000000769400000, 0x0000000769400000, 0x0000000769600000|  0%| F|  |TAMS 0x0000000769400000| PB 0x0000000769400000| Untracked 
|1510|0x00000007fcc00000, 0x00000007fcc00000, 0x00000007fce00000|  0%| F|  |TAMS 0x00000007fcc00000| PB 0x00000007fcc00000| Untracked 
|1511|0x00000007fce00000, 0x00000007fce00000, 0x00000007fd000000|  0%| F|  |TAMS 0x00000007fce00000| PB 0x00000007fce00000| Untracked 
|1512|0x00000007fd000000, 0x00000007fd000000, 0x00000007fd200000|  0%| F|  |TAMS 0x00000007fd000000| PB 0x00000007fd000000| Untracked 
|1513|0x00000007fd200000, 0x00000007fd200000, 0x00000007fd400000|  0%| F|  |TAMS 0x00000007fd200000| PB 0x00000007fd200000| Untracked 
|1514|0x00000007fd400000, 0x00000007fd400000, 0x00000007fd600000|  0%| F|  |TAMS 0x00000007fd400000| PB 0x00000007fd400000| Untracked 
|1515|0x00000007fd600000, 0x00000007fd600000, 0x00000007fd800000|  0%| F|  |TAMS 0x00000007fd600000| PB 0x00000007fd600000| Untracked 
|1516|0x00000007fd800000, 0x00000007fd800000, 0x00000007fda00000|  0%| F|  |TAMS 0x00000007fd800000| PB 0x00000007fd800000| Untracked 
|1517|0x00000007fda00000, 0x00000007fda00000, 0x00000007fdc00000|  0%| F|  |TAMS 0x00000007fda00000| PB 0x00000007fda00000| Untracked 
|1518|0x00000007fdc00000, 0x00000007fdc00000, 0x00000007fde00000|  0%| F|  |TAMS 0x00000007fdc00000| PB 0x00000007fdc00000| Untracked 
|1519|0x00000007fde00000, 0x00000007fde00000, 0x00000007fe000000|  0%| F|  |TAMS 0x00000007fde00000| PB 0x00000007fde00000| Untracked 
|1520|0x00000007fe000000, 0x00000007fe000000, 0x00000007fe200000|  0%| F|  |TAMS 0x00000007fe000000| PB 0x00000007fe000000| Untracked 
|1521|0x00000007fe200000, 0x00000007fe200000, 0x00000007fe400000|  0%| F|  |TAMS 0x00000007fe200000| PB 0x00000007fe200000| Untracked 
|1522|0x00000007fe400000, 0x00000007fe400000, 0x00000007fe600000|  0%| F|  |TAMS 0x00000007fe400000| PB 0x00000007fe400000| Untracked 
|1523|0x00000007fe600000, 0x00000007fe600000, 0x00000007fe800000|  0%| F|  |TAMS 0x00000007fe600000| PB 0x00000007fe600000| Untracked 
|1524|0x00000007fe800000, 0x00000007fe800000, 0x00000007fea00000|  0%| F|  |TAMS 0x00000007fe800000| PB 0x00000007fe800000| Untracked 
|1525|0x00000007fea00000, 0x00000007fea00000, 0x00000007fec00000|  0%| F|  |TAMS 0x00000007fea00000| PB 0x00000007fea00000| Untracked 
|1526|0x00000007fec00000, 0x00000007fec00000, 0x00000007fee00000|  0%| F|  |TAMS 0x00000007fec00000| PB 0x00000007fec00000| Untracked 
|1527|0x00000007fee00000, 0x00000007fee00000, 0x00000007ff000000|  0%| F|  |TAMS 0x00000007fee00000| PB 0x00000007fee00000| Untracked 
|1528|0x00000007ff000000, 0x00000007ff000000, 0x00000007ff200000|  0%| F|  |TAMS 0x00000007ff000000| PB 0x00000007ff000000| Untracked 
|1529|0x00000007ff200000, 0x00000007ff400000, 0x00000007ff400000|100%| O|  |TAMS 0x00000007ff400000| PB 0x00000007ff200000| Untracked 
|1530|0x00000007ff400000, 0x00000007ff400000, 0x00000007ff600000|  0%| F|  |TAMS 0x00000007ff400000| PB 0x00000007ff400000| Untracked 
|1531|0x00000007ff600000, 0x00000007ff600000, 0x00000007ff800000|  0%| F|  |TAMS 0x00000007ff600000| PB 0x00000007ff600000| Untracked 
|1532|0x00000007ff800000, 0x00000007ffa00000, 0x00000007ffa00000|100%| O|  |TAMS 0x00000007ffa00000| PB 0x00000007ff800000| Untracked 
|1533|0x00000007ffa00000, 0x00000007ffc00000, 0x00000007ffc00000|100%| O|  |TAMS 0x00000007ffc00000| PB 0x00000007ffa00000| Untracked 
|1534|0x00000007ffc00000, 0x00000007ffe00000, 0x00000007ffe00000|100%| O|  |TAMS 0x00000007ffe00000| PB 0x00000007ffc00000| Untracked 
|1535|0x00000007ffe00000, 0x0000000800000000, 0x0000000800000000|100%| O|  |TAMS 0x0000000800000000| PB 0x00000007ffe00000| Untracked 

Card table byte_map: [0x0000022da7a60000,0x0000022da8060000] _byte_map_base: 0x0000022da4060000

Marking Bits: (CMBitMap*) 0x0000022d8f8435f0
 Bits: [0x0000022da8060000, 0x0000022dab060000)

Polling page: 0x0000022d8d480000

Metaspace:

Usage:
  Non-class:     82.09 MB used.
      Class:     12.76 MB used.
       Both:     94.85 MB used.

Virtual space:
  Non-class space:      128.00 MB reserved,      83.31 MB ( 65%) committed,  2 nodes.
      Class space:        1.00 GB reserved,      13.94 MB (  1%) committed,  1 nodes.
             Both:        1.12 GB reserved,      97.25 MB (  8%) committed. 

Chunk freelists:
   Non-Class:  11.80 MB
       Class:  1.94 MB
        Both:  13.73 MB

MaxMetaspaceSize: unlimited
CompressedClassSpaceSize: 1.00 GB
Initial GC threshold: 21.00 MB
Current GC threshold: 162.62 MB
CDS: on
 - commit_granule_bytes: 65536.
 - commit_granule_words: 8192.
 - virtual_space_node_default_size: 8388608.
 - enlarge_chunks_in_place: 1.
 - use_allocation_guard: 0.


Internal statistics:

num_allocs_failed_limit: 12.
num_arena_births: 4200.
num_arena_deaths: 2.
num_vsnodes_births: 3.
num_vsnodes_deaths: 0.
num_space_committed: 1586.
num_space_uncommitted: 12.
num_chunks_returned_to_freelist: 103.
num_chunks_taken_from_freelist: 8804.
num_chunk_merges: 39.
num_chunk_splits: 5631.
num_chunks_enlarged: 3487.
num_inconsistent_stats: 0.

CodeHeap 'non-profiled nmethods': size=120000Kb used=15015Kb max_used=16102Kb free=104984Kb
 bounds [0x0000022d9f9d0000, 0x0000022da0990000, 0x0000022da6f00000]
CodeHeap 'profiled nmethods': size=120000Kb used=24475Kb max_used=30045Kb free=95524Kb
 bounds [0x0000022d97f00000, 0x0000022d99c60000, 0x0000022d9f430000]
CodeHeap 'non-nmethods': size=5760Kb used=2701Kb max_used=2767Kb free=3058Kb
 bounds [0x0000022d9f430000, 0x0000022d9f700000, 0x0000022d9f9d0000]
CodeCache: size=245760Kb, used=42191Kb, max_used=48914Kb, free=203566Kb
 total_blobs=13179, nmethods=12225, adapters=856, full_count=0
Compilation: enabled, stopped_count=0, restarted_count=0

Compilation events (20 events):
Event: 233.899 Thread 0x0000022df84a5bf0 nmethod 24796 0x0000022da0522510 code [0x0000022da0522720, 0x0000022da0523740]
Event: 233.900 Thread 0x0000022dadcfa1c0 nmethod 24801 0x0000022d998d7290 code [0x0000022d998d7c80, 0x0000022d998e02f8]
Event: 233.900 Thread 0x0000022df84a5bf0 24802       4       net.fabricmc.mappingio.tree.MemoryMappingTree$ClassEntry::getTree (5 bytes)
Event: 233.900 Thread 0x0000022df84a5bf0 nmethod 24802 0x0000022da0392410 code [0x0000022da03925a0, 0x0000022da0392630]
Event: 233.900 Thread 0x0000022df84a5bf0 24726       4       com.sun.tools.javac.jvm.Items$MemberItem::load (35 bytes)
Event: 233.902 Thread 0x0000022df84a5bf0 nmethod 24726 0x0000022da0521f10 code [0x0000022da05220c0, 0x0000022da05222a0]
Event: 233.902 Thread 0x0000022df84a5bf0 24727       4       com.sun.tools.javac.jvm.Items$MemberItem$$Lambda/0x0000022dafd6b360::applyAsInt (12 bytes)
Event: 233.903 Thread 0x0000022df84a5bf0 nmethod 24727 0x0000022da0521a90 code [0x0000022da0521c40, 0x0000022da0521db0]
Event: 233.903 Thread 0x0000022df84a5bf0 24803       4       org.cadixdev.lorenz.model.MethodMapping$$Lambda/0x0000022dafdac0a0::get (14 bytes)
Event: 233.904 Thread 0x0000022dadcf7720 nmethod 24797 0x0000022da0520390 code [0x0000022da05205a0, 0x0000022da0521510]
Event: 233.905 Thread 0x0000022dadcf7720 24804       4       org.cadixdev.lorenz.MappingSet::getOrCreateClassMapping (55 bytes)
Event: 233.914 Thread 0x0000022df84a5bf0 nmethod 24803 0x0000022da051f090 code [0x0000022da051f2a0, 0x0000022da051fde8]
Event: 233.943 Thread 0x0000022df84a5bf0 24805       4       org.cadixdev.lorenz.impl.model.AbstractClassMappingImpl::<init> (52 bytes)
Event: 233.952 Thread 0x0000022df84a5bf0 nmethod 24805 0x0000022da051e210 code [0x0000022da051e3e0, 0x0000022da051ee90]
Event: 233.952 Thread 0x0000022df84a5bf0 24806 %     4       net.fabricmc.lorenztiny.TinyMappingsReader::read @ 253 (317 bytes)
Event: 233.955 Thread 0x0000022dadcfa1c0 24807       3       com.sun.tools.javac.comp.Attr$PostAttrAnalyzer::visitAssignop (49 bytes)
Event: 233.956 Thread 0x0000022dadcfa1c0 nmethod 24807 0x0000022d99c2f190 code [0x0000022d99c2f3a0, 0x0000022d99c2f918]
Event: 233.959 Thread 0x0000022dadcfa1c0 24809       3       com.sun.tools.javac.comp.InferenceContext$2::done (27 bytes)
Event: 233.960 Thread 0x0000022dadcfa1c0 nmethod 24809 0x0000022d995a3310 code [0x0000022d995a34e0, 0x0000022d995a36e8]
Event: 233.960 Thread 0x0000022dadcfa1c0 24810       3       com.sun.tools.javac.comp.Attr::condType (430 bytes)

GC Heap History (20 events):
Event: 215.523 GC heap after
{Heap after GC invocations=74 (full 0):
 garbage-first heap   total 587776K, used 367043K [0x0000000740000000, 0x0000000800000000)
  region size 2048K, 6 young (12288K), 6 survivors (12288K)
 Metaspace       used 97456K, committed 99904K, reserved 1179648K
  class space    used 13173K, committed 14400K, reserved 1048576K
}
Event: 216.381 GC heap before
{Heap before GC invocations=74 (full 0):
 garbage-first heap   total 587776K, used 448963K [0x0000000740000000, 0x0000000800000000)
  region size 2048K, 46 young (94208K), 6 survivors (12288K)
 Metaspace       used 97457K, committed 99904K, reserved 1179648K
  class space    used 13174K, committed 14400K, reserved 1048576K
}
Event: 216.402 GC heap after
{Heap after GC invocations=75 (full 0):
 garbage-first heap   total 587776K, used 374070K [0x0000000740000000, 0x0000000800000000)
  region size 2048K, 5 young (10240K), 5 survivors (10240K)
 Metaspace       used 97457K, committed 99904K, reserved 1179648K
  class space    used 13174K, committed 14400K, reserved 1048576K
}
Event: 217.395 GC heap before
{Heap before GC invocations=75 (full 0):
 garbage-first heap   total 587776K, used 480566K [0x0000000740000000, 0x0000000800000000)
  region size 2048K, 57 young (116736K), 5 survivors (10240K)
 Metaspace       used 97457K, committed 99904K, reserved 1179648K
  class space    used 13174K, committed 14400K, reserved 1048576K
}
Event: 217.413 GC heap after
{Heap after GC invocations=76 (full 0):
 garbage-first heap   total 587776K, used 383602K [0x0000000740000000, 0x0000000800000000)
  region size 2048K, 7 young (14336K), 7 survivors (14336K)
 Metaspace       used 97457K, committed 99904K, reserved 1179648K
  class space    used 13174K, committed 14400K, reserved 1048576K
}
Event: 220.210 GC heap before
{Heap before GC invocations=76 (full 0):
 garbage-first heap   total 587776K, used 504434K [0x0000000740000000, 0x0000000800000000)
  region size 2048K, 67 young (137216K), 7 survivors (14336K)
 Metaspace       used 97544K, committed 100032K, reserved 1179648K
  class space    used 13179K, committed 14400K, reserved 1048576K
}
Event: 220.230 GC heap after
{Heap after GC invocations=77 (full 0):
 garbage-first heap   total 587776K, used 395748K [0x0000000740000000, 0x0000000800000000)
  region size 2048K, 8 young (16384K), 8 survivors (16384K)
 Metaspace       used 97544K, committed 100032K, reserved 1179648K
  class space    used 13179K, committed 14400K, reserved 1048576K
}
Event: 221.690 GC heap before
{Heap before GC invocations=77 (full 0):
 garbage-first heap   total 587776K, used 518628K [0x0000000740000000, 0x0000000800000000)
  region size 2048K, 69 young (141312K), 8 survivors (16384K)
 Metaspace       used 97861K, committed 100352K, reserved 1179648K
  class space    used 13215K, committed 14400K, reserved 1048576K
}
Event: 221.717 GC heap after
{Heap after GC invocations=78 (full 0):
 garbage-first heap   total 587776K, used 415358K [0x0000000740000000, 0x0000000800000000)
  region size 2048K, 9 young (18432K), 9 survivors (18432K)
 Metaspace       used 97861K, committed 100352K, reserved 1179648K
  class space    used 13215K, committed 14400K, reserved 1048576K
}
Event: 222.110 GC heap before
{Heap before GC invocations=78 (full 0):
 garbage-first heap   total 587776K, used 525950K [0x0000000740000000, 0x0000000800000000)
  region size 2048K, 63 young (129024K), 9 survivors (18432K)
 Metaspace       used 97882K, committed 100352K, reserved 1179648K
  class space    used 13216K, committed 14400K, reserved 1048576K
}
Event: 222.136 GC heap after
{Heap after GC invocations=79 (full 0):
 garbage-first heap   total 587776K, used 454354K [0x0000000740000000, 0x0000000800000000)
  region size 2048K, 8 young (16384K), 8 survivors (16384K)
 Metaspace       used 97882K, committed 100352K, reserved 1179648K
  class space    used 13216K, committed 14400K, reserved 1048576K
}
Event: 224.216 GC heap before
{Heap before GC invocations=80 (full 0):
 garbage-first heap   total 731136K, used 521938K [0x0000000740000000, 0x0000000800000000)
  region size 2048K, 50 young (102400K), 8 survivors (16384K)
 Metaspace       used 95491K, committed 98432K, reserved 1179648K
  class space    used 12917K, committed 14272K, reserved 1048576K
}
Event: 224.251 GC heap after
{Heap after GC invocations=81 (full 0):
 garbage-first heap   total 731136K, used 449460K [0x0000000740000000, 0x0000000800000000)
  region size 2048K, 5 young (10240K), 5 survivors (10240K)
 Metaspace       used 95491K, committed 98432K, reserved 1179648K
  class space    used 12917K, committed 14272K, reserved 1048576K
}
Event: 225.469 GC heap before
{Heap before GC invocations=81 (full 0):
 garbage-first heap   total 731136K, used 605108K [0x0000000740000000, 0x0000000800000000)
  region size 2048K, 82 young (167936K), 5 survivors (10240K)
 Metaspace       used 96217K, committed 98752K, reserved 1179648K
  class space    used 12965K, committed 14272K, reserved 1048576K
}
Event: 225.489 GC heap after
{Heap after GC invocations=82 (full 0):
 garbage-first heap   total 731136K, used 408189K [0x0000000740000000, 0x0000000800000000)
  region size 2048K, 9 young (18432K), 9 survivors (18432K)
 Metaspace       used 96217K, committed 98752K, reserved 1179648K
  class space    used 12965K, committed 14272K, reserved 1048576K
}
Event: 228.997 GC heap before
{Heap before GC invocations=82 (full 0):
 garbage-first heap   total 731136K, used 588413K [0x0000000740000000, 0x0000000800000000)
  region size 2048K, 93 young (190464K), 9 survivors (18432K)
 Metaspace       used 96571K, committed 99072K, reserved 1179648K
  class space    used 13005K, committed 14272K, reserved 1048576K
}
Event: 229.030 GC heap after
{Heap after GC invocations=83 (full 0):
 garbage-first heap   total 731136K, used 422860K [0x0000000740000000, 0x0000000800000000)
  region size 2048K, 12 young (24576K), 12 survivors (24576K)
 Metaspace       used 96571K, committed 99072K, reserved 1179648K
  class space    used 13005K, committed 14272K, reserved 1048576K
}
Event: 233.600 GC heap before
{Heap before GC invocations=83 (full 0):
 garbage-first heap   total 731136K, used 603084K [0x0000000740000000, 0x0000000800000000)
  region size 2048K, 101 young (206848K), 12 survivors (24576K)
 Metaspace       used 96796K, committed 99264K, reserved 1179648K
  class space    used 13026K, committed 14272K, reserved 1048576K
}
Event: 233.637 GC heap after
{Heap after GC invocations=84 (full 0):
 garbage-first heap   total 731136K, used 429681K [0x0000000740000000, 0x0000000800000000)
  region size 2048K, 13 young (26624K), 13 survivors (26624K)
 Metaspace       used 96796K, committed 99264K, reserved 1179648K
  class space    used 13026K, committed 14272K, reserved 1048576K
}
Event: 233.964 GC heap before
{Heap before GC invocations=84 (full 0):
 garbage-first heap   total 731136K, used 603761K [0x0000000740000000, 0x0000000800000000)
  region size 2048K, 98 young (200704K), 13 survivors (26624K)
 Metaspace       used 97125K, committed 99584K, reserved 1179648K
  class space    used 13063K, committed 14272K, reserved 1048576K
}

Dll operation events (15 events):
Event: 0.027 Loaded shared library C:\Program Files\Eclipse Adoptium\jdk-21.0.9.10-hotspot\bin\java.dll
Event: 0.169 Loaded shared library C:\Program Files\Eclipse Adoptium\jdk-21.0.9.10-hotspot\bin\jsvml.dll
Event: 0.257 Loaded shared library C:\Program Files\Eclipse Adoptium\jdk-21.0.9.10-hotspot\bin\zip.dll
Event: 0.263 Loaded shared library C:\Program Files\Eclipse Adoptium\jdk-21.0.9.10-hotspot\bin\instrument.dll
Event: 0.274 Loaded shared library C:\Program Files\Eclipse Adoptium\jdk-21.0.9.10-hotspot\bin\net.dll
Event: 0.277 Loaded shared library C:\Program Files\Eclipse Adoptium\jdk-21.0.9.10-hotspot\bin\nio.dll
Event: 0.283 Loaded shared library C:\Program Files\Eclipse Adoptium\jdk-21.0.9.10-hotspot\bin\zip.dll
Event: 0.861 Loaded shared library C:\Program Files\Eclipse Adoptium\jdk-21.0.9.10-hotspot\bin\jimage.dll
Event: 1.083 Loaded shared library C:\Program Files\Eclipse Adoptium\jdk-21.0.9.10-hotspot\bin\verify.dll
Event: 1.282 Loaded shared library C:\Users\fmrif\.gradle\native\c067742578af261105cb4f569cf0c3c89f3d7b1fecec35dd04571415982c5e48\windows-amd64\native-platform.dll
Event: 1.297 Loaded shared library C:\Users\fmrif\.gradle\native\100fb08df4bc3b14c8652ba06237920a3bd2aa13389f12d3474272988ae205f9\windows-amd64\native-platform-file-events.dll
Event: 3.208 Loaded shared library C:\Program Files\Eclipse Adoptium\jdk-21.0.9.10-hotspot\bin\management.dll
Event: 3.211 Loaded shared library C:\Program Files\Eclipse Adoptium\jdk-21.0.9.10-hotspot\bin\management_ext.dll
Event: 3.492 Loaded shared library C:\Program Files\Eclipse Adoptium\jdk-21.0.9.10-hotspot\bin\extnet.dll
Event: 4.274 Loaded shared library C:\Program Files\Eclipse Adoptium\jdk-21.0.9.10-hotspot\bin\sunmscapi.dll

Deoptimization events (20 events):
Event: 233.712 Thread 0x0000022df7c42a10 Uncommon trap: trap_request=0xffffff45 fr.pc=0x0000022d9fbd9484 relative=0x0000000000000144
Event: 233.712 Thread 0x0000022df7c42a10 Uncommon trap: reason=unstable_if action=reinterpret pc=0x0000022d9fbd9484 method=sun.invoke.util.Wrapper.forBasicType(Ljava/lang/Class;)Lsun/invoke/util/Wrapper; @ 59 c2
Event: 233.712 Thread 0x0000022df7c42a10 DEOPT PACKING pc=0x0000022d9fbd9484 sp=0x000000d80ecfcbc0
Event: 233.713 Thread 0x0000022df7c42a10 DEOPT UNPACKING pc=0x0000022d9f484422 sp=0x000000d80ecfcb58 mode 2
Event: 233.713 Thread 0x0000022df7c42a10 Uncommon trap: trap_request=0xffffff45 fr.pc=0x0000022d9fbb65bc relative=0x00000000000001fc
Event: 233.713 Thread 0x0000022df7c42a10 Uncommon trap: reason=unstable_if action=reinterpret pc=0x0000022d9fbb65bc method=jdk.internal.org.objectweb.asm.Type.getTypeInternal(Ljava/lang/String;II)Ljdk/internal/org/objectweb/asm/Type; @ 5 c2
Event: 233.713 Thread 0x0000022df7c42a10 DEOPT PACKING pc=0x0000022d9fbb65bc sp=0x000000d80ecfcc90
Event: 233.713 Thread 0x0000022df7c42a10 DEOPT UNPACKING pc=0x0000022d9f484422 sp=0x000000d80ecfcc40 mode 2
Event: 233.772 Thread 0x0000022df7c42a10 DEOPT PACKING pc=0x0000022d987fa476 sp=0x000000d80ecfdc10
Event: 233.772 Thread 0x0000022df7c42a10 DEOPT UNPACKING pc=0x0000022d9f484bc2 sp=0x000000d80ecfd120 mode 0
Event: 233.780 Thread 0x0000022df7c42a10 DEOPT PACKING pc=0x0000022d987fa455 sp=0x000000d80ecfdc60
Event: 233.780 Thread 0x0000022df7c42a10 DEOPT UNPACKING pc=0x0000022d9f484bc2 sp=0x000000d80ecfd170 mode 0
Event: 233.786 Thread 0x0000022df7c42a10 DEOPT PACKING pc=0x0000022d987fa476 sp=0x000000d80ecfdc10
Event: 233.786 Thread 0x0000022df7c42a10 DEOPT UNPACKING pc=0x0000022d9f484bc2 sp=0x000000d80ecfd120 mode 0
Event: 233.793 Thread 0x0000022df7c42a10 DEOPT PACKING pc=0x0000022d987fa476 sp=0x000000d80ecfdc60
Event: 233.793 Thread 0x0000022df7c42a10 DEOPT UNPACKING pc=0x0000022d9f484bc2 sp=0x000000d80ecfd170 mode 0
Event: 233.799 Thread 0x0000022df7c42a10 DEOPT PACKING pc=0x0000022d987fa476 sp=0x000000d80ecfdc10
Event: 233.799 Thread 0x0000022df7c42a10 DEOPT UNPACKING pc=0x0000022d9f484bc2 sp=0x000000d80ecfd120 mode 0
Event: 233.809 Thread 0x0000022df7c42a10 DEOPT PACKING pc=0x0000022d987f9f4f sp=0x000000d80ecfdc10
Event: 233.810 Thread 0x0000022df7c42a10 DEOPT UNPACKING pc=0x0000022d9f484bc2 sp=0x000000d80ecfd110 mode 0

Classes loaded (20 events):
Event: 226.587 Loading class jdk/internal/event/DeserializationEvent
Event: 226.588 Loading class jdk/internal/event/DeserializationEvent done
Event: 226.588 Loading class java/io/ObjectInputStream$FieldValues
Event: 226.589 Loading class java/io/ObjectInputStream$GetField
Event: 226.589 Loading class java/io/ObjectInputStream$GetField done
Event: 226.589 Loading class java/io/ObjectInputStream$FieldValues done
Event: 226.589 Loading class java/io/ObjectStreamClass$RecordSupport
Event: 226.590 Loading class java/io/ObjectStreamClass$RecordSupport done
Event: 226.595 Loading class java/io/ObjectStreamClass$DeserializationConstructorsCache$Key$Lookup
Event: 226.595 Loading class java/io/ObjectStreamClass$DeserializationConstructorsCache$Key
Event: 226.595 Loading class java/io/ObjectStreamClass$DeserializationConstructorsCache$Key done
Event: 226.595 Loading class java/io/ObjectStreamClass$DeserializationConstructorsCache$Key$Lookup done
Event: 226.597 Loading class java/lang/invoke/BoundMethodHandle$Species_LIL
Event: 226.597 Loading class java/lang/invoke/BoundMethodHandle$Species_LIL done
Event: 226.602 Loading class java/io/ObjectStreamClass$DeserializationConstructorsCache$Key$Impl
Event: 226.602 Loading class java/io/ObjectStreamClass$DeserializationConstructorsCache$Key$Impl done
Event: 227.505 Loading class java/util/zip/ZipOutputStream
Event: 227.506 Loading class java/util/zip/ZipOutputStream done
Event: 227.511 Loading class java/util/zip/ZipOutputStream$XEntry
Event: 227.511 Loading class java/util/zip/ZipOutputStream$XEntry done

Classes unloaded (20 events):
Event: 222.582 Thread 0x0000022dadcce240 Unloading class 0x0000022dafda44c8 'org/spongepowered/asm/mixin/injection/selectors/throwables/SelectorException'
Event: 222.582 Thread 0x0000022dadcce240 Unloading class 0x0000022dafda4260 'org/spongepowered/asm/mixin/throwables/MixinException'
Event: 222.582 Thread 0x0000022dadcce240 Unloading class 0x0000022dafda4000 'org/spongepowered/asm/mixin/throwables/MixinError'
Event: 222.582 Thread 0x0000022dadcce240 Unloading class 0x0000022dafda3dc0 'org/spongepowered/asm/mixin/refmap/IMixinContext'
Event: 222.582 Thread 0x0000022dadcce240 Unloading class 0x0000022dafda3980 'com/llamalad7/mixinextras/injector/ModifyExpressionValueInjectionInfo'
Event: 222.582 Thread 0x0000022dadcce240 Unloading class 0x0000022dafda3540 'com/llamalad7/mixinextras/injector/MixinExtrasInjectionInfo'
Event: 222.582 Thread 0x0000022dadcce240 Unloading class 0x0000022dafda3100 'org/spongepowered/asm/mixin/injection/struct/InjectionInfo'
Event: 222.582 Thread 0x0000022dadcce240 Unloading class 0x0000022dafda2de0 'org/spongepowered/asm/mixin/struct/SpecialMethodInfo'
Event: 222.582 Thread 0x0000022dadcce240 Unloading class 0x0000022dafda2ac0 'org/spongepowered/asm/mixin/struct/AnnotatedMethodInfo'
Event: 222.582 Thread 0x0000022dadcce240 Unloading class 0x0000022dafda28c0 'org/spongepowered/asm/mixin/injection/code/ISliceContext'
Event: 222.582 Thread 0x0000022dadcce240 Unloading class 0x0000022dafda26c0 'org/spongepowered/asm/mixin/injection/IInjectionPointContext'
Event: 222.582 Thread 0x0000022dadcce240 Unloading class 0x0000022dafda24c0 'org/spongepowered/asm/util/IMessageSink'
Event: 222.582 Thread 0x0000022dadcce240 Unloading class 0x0000022dafda22c0 'org/spongepowered/asm/mixin/injection/selectors/ISelectorContext'
Event: 222.582 Thread 0x0000022dadcce240 Unloading class 0x0000022dafda2000 'org/spongepowered/asm/util/logging/MessageRouter$DebugInterceptingMessager'
Event: 222.582 Thread 0x0000022dadcce240 Unloading class 0x0000022dafda1d08 'org/spongepowered/asm/util/logging/MessageRouter'
Event: 222.582 Thread 0x0000022dadcce240 Unloading class 0x0000022dafda1a50 'com/llamalad7/mixinextras/ap/StdoutMessager'
Event: 222.582 Thread 0x0000022dadcce240 Unloading class 0x0000022dafda17c8 'com/llamalad7/mixinextras/ap/MixinExtrasAP'
Event: 222.582 Thread 0x0000022dadcce240 Unloading class 0x0000022dafda1530 'org/spongepowered/tools/obfuscation/MixinObfuscationProcessorTargets'
Event: 222.582 Thread 0x0000022dadcce240 Unloading class 0x0000022dafda1298 'org/spongepowered/tools/obfuscation/MixinObfuscationProcessorInjection'
Event: 222.582 Thread 0x0000022dadcce240 Unloading class 0x0000022dafda1000 'org/spongepowered/tools/obfuscation/MixinObfuscationProcessor'

Classes redefined (0 events):
No events

Internal exceptions (20 events):
Event: 233.534 Thread 0x0000022df7e47e50 Exception <a 'sun/nio/fs/WindowsException'{0x0000000762ae7b30}> (0x0000000762ae7b30) 
thrown [s\src\hotspot\share\prims\jni.cpp, line 520]
Event: 233.535 Thread 0x0000022df7e47e50 Exception <a 'sun/nio/fs/WindowsException'{0x0000000762aee228}> (0x0000000762aee228) 
thrown [s\src\hotspot\share\prims\jni.cpp, line 520]
Event: 233.582 Thread 0x0000022df7e47e50 Exception <a 'sun/nio/fs/WindowsException'{0x00000007617a62a8}> (0x00000007617a62a8) 
thrown [s\src\hotspot\share\prims\jni.cpp, line 520]
Event: 233.582 Thread 0x0000022df7e47e50 Exception <a 'sun/nio/fs/WindowsException'{0x00000007617b14e0}> (0x00000007617b14e0) 
thrown [s\src\hotspot\share\prims\jni.cpp, line 520]
Event: 233.658 Thread 0x0000022df7e47e50 Exception <a 'sun/nio/fs/WindowsException'{0x00000007ff0d3618}> (0x00000007ff0d3618) 
thrown [s\src\hotspot\share\prims\jni.cpp, line 520]
Event: 233.661 Thread 0x0000022df7e47e50 Exception <a 'sun/nio/fs/WindowsException'{0x00000007ff0e1320}> (0x00000007ff0e1320) 
thrown [s\src\hotspot\share\prims\jni.cpp, line 520]
Event: 233.679 Thread 0x0000022df7e47e50 Exception <a 'sun/nio/fs/WindowsException'{0x00000007fdc4a0e8}> (0x00000007fdc4a0e8) 
thrown [s\src\hotspot\share\prims\jni.cpp, line 520]
Event: 233.679 Thread 0x0000022df7e47e50 Exception <a 'sun/nio/fs/WindowsException'{0x00000007fdc4b990}> (0x00000007fdc4b990) 
thrown [s\src\hotspot\share\prims\jni.cpp, line 520]
Event: 233.690 Thread 0x0000022df7e47e50 Exception <a 'sun/nio/fs/WindowsException'{0x00000007fd96f3e0}> (0x00000007fd96f3e0) 
thrown [s\src\hotspot\share\prims\jni.cpp, line 520]
Event: 233.690 Thread 0x0000022df7e47e50 Exception <a 'sun/nio/fs/WindowsException'{0x00000007fd971470}> (0x00000007fd971470) 
thrown [s\src\hotspot\share\prims\jni.cpp, line 520]
Event: 233.721 Thread 0x0000022df7c42a10 Exception <a 'java/lang/NoSuchMethodError'{0x00000007fcf22d38}: 'java.lang.Object java.lang.invoke.DirectMethodHandle$Holder.invokeSpecialIFC(java.lang.Object, java.lang.Object, int)'> (0x00000007fcf22d38) 
thrown [s\src\hotspot\share\interpreter\linkResolver.cpp, line 773]
Event: 233.735 Thread 0x0000022df7e47e50 Exception <a 'sun/nio/fs/WindowsException'{0x00000007fcdf6d40}> (0x00000007fcdf6d40) 
thrown [s\src\hotspot\share\prims\jni.cpp, line 520]
Event: 233.737 Thread 0x0000022df7e47e50 Exception <a 'sun/nio/fs/WindowsException'{0x0000000769549d88}> (0x0000000769549d88) 
thrown [s\src\hotspot\share\prims\jni.cpp, line 520]
Event: 233.750 Thread 0x0000022df7e47e50 Exception <a 'sun/nio/fs/WindowsException'{0x0000000769556878}> (0x0000000769556878) 
thrown [s\src\hotspot\share\prims\jni.cpp, line 520]
Event: 233.753 Thread 0x0000022df7e47e50 Exception <a 'sun/nio/fs/WindowsException'{0x0000000769581788}> (0x0000000769581788) 
thrown [s\src\hotspot\share\prims\jni.cpp, line 520]
Event: 233.763 Thread 0x0000022df7e47e50 Exception <a 'sun/nio/fs/WindowsException'{0x0000000768c2ef08}> (0x0000000768c2ef08) 
thrown [s\src\hotspot\share\prims\jni.cpp, line 520]
Event: 233.816 Thread 0x0000022df7e47e50 Exception <a 'sun/nio/fs/WindowsException'{0x000000076762e718}> (0x000000076762e718) 
thrown [s\src\hotspot\share\prims\jni.cpp, line 520]
Event: 233.816 Thread 0x0000022df7e47e50 Exception <a 'sun/nio/fs/WindowsException'{0x0000000767640a78}> (0x0000000767640a78) 
thrown [s\src\hotspot\share\prims\jni.cpp, line 520]
Event: 233.831 Thread 0x0000022df7e47e50 Exception <a 'sun/nio/fs/WindowsException'{0x000000076717fbd0}> (0x000000076717fbd0) 
thrown [s\src\hotspot\share\prims\jni.cpp, line 520]
Event: 233.831 Thread 0x0000022df7e47e50 Exception <a 'sun/nio/fs/WindowsException'{0x0000000767182f08}> (0x0000000767182f08) 
thrown [s\src\hotspot\share\prims\jni.cpp, line 520]

ZGC Phase Switch (0 events):
No events

VM Operations (20 events):
Event: 227.509 Executing VM operation: HandshakeAllThreads (Deoptimize) done
Event: 227.509 Executing VM operation: Cleanup
Event: 227.509 Executing VM operation: Cleanup done
Event: 228.517 Executing VM operation: Cleanup
Event: 228.518 Executing VM operation: Cleanup done
Event: 228.995 Executing VM operation: G1CollectForAllocation (G1 Evacuation Pause)
Event: 228.995 Executing VM operation: G1CollectForAllocation (G1 Evacuation Pause) done
Event: 228.996 Executing VM operation: G1CollectForAllocation (GCLocker Initiated GC)
Event: 229.030 Executing VM operation: G1CollectForAllocation (GCLocker Initiated GC) done
Event: 230.036 Executing VM operation: Cleanup
Event: 230.036 Executing VM operation: Cleanup done
Event: 231.049 Executing VM operation: Cleanup
Event: 231.049 Executing VM operation: Cleanup done
Event: 232.057 Executing VM operation: Cleanup
Event: 232.057 Executing VM operation: Cleanup done
Event: 233.065 Executing VM operation: Cleanup
Event: 233.065 Executing VM operation: Cleanup done
Event: 233.600 Executing VM operation: G1CollectForAllocation (G1 Evacuation Pause)
Event: 233.637 Executing VM operation: G1CollectForAllocation (G1 Evacuation Pause) done
Event: 233.964 Executing VM operation: G1CollectForAllocation (G1 Evacuation Pause)

Memory protections (0 events):
No events

Nmethod flushes (20 events):
Event: 223.343 Thread 0x0000022dadcce240 flushing  nmethod 0x0000022d99516110
Event: 223.343 Thread 0x0000022dadcce240 flushing  nmethod 0x0000022d99517a10
Event: 223.343 Thread 0x0000022dadcce240 flushing  nmethod 0x0000022d9951a110
Event: 223.343 Thread 0x0000022dadcce240 flushing  nmethod 0x0000022d995e1510
Event: 223.343 Thread 0x0000022dadcce240 flushing  nmethod 0x0000022d99750510
Event: 223.343 Thread 0x0000022dadcce240 flushing  nmethod 0x0000022d99751010
Event: 223.343 Thread 0x0000022dadcce240 flushing  nmethod 0x0000022d99753090
Event: 223.343 Thread 0x0000022dadcce240 flushing  nmethod 0x0000022d99755b90
Event: 223.343 Thread 0x0000022dadcce240 flushing  nmethod 0x0000022d997adc10
Event: 223.343 Thread 0x0000022dadcce240 flushing  nmethod 0x0000022d997ae210
Event: 223.343 Thread 0x0000022dadcce240 flushing  nmethod 0x0000022d99923f90
Event: 223.343 Thread 0x0000022dadcce240 flushing  nmethod 0x0000022d99927c10
Event: 223.343 Thread 0x0000022dadcce240 flushing  nmethod 0x0000022d99928390
Event: 223.343 Thread 0x0000022dadcce240 flushing  nmethod 0x0000022d99929410
Event: 223.343 Thread 0x0000022dadcce240 flushing  nmethod 0x0000022d99932890
Event: 223.343 Thread 0x0000022dadcce240 flushing  nmethod 0x0000022d99933210
Event: 223.343 Thread 0x0000022dadcce240 flushing  nmethod 0x0000022d999c9410
Event: 223.343 Thread 0x0000022dadcce240 flushing  nmethod 0x0000022d999f4310
Event: 223.343 Thread 0x0000022dadcce240 flushing  nmethod 0x0000022d999fd310
Event: 223.343 Thread 0x0000022dadcce240 flushing  nmethod 0x0000022d999fde10

Events (20 events):
Event: 205.745 Thread 0x0000022df9c30ab0 Thread added: 0x0000022df9c380d0
Event: 205.745 Thread 0x0000022df9c30ab0 Thread added: 0x0000022df9c36000
Event: 205.745 Thread 0x0000022df9c30ab0 Thread added: 0x0000022df9c34c50
Event: 205.746 Thread 0x0000022df9c30ab0 Thread added: 0x0000022df9c38760
Event: 205.746 Thread 0x0000022df9c30ab0 Thread added: 0x0000022df9c36690
Event: 205.747 Thread 0x0000022df9c30ab0 Thread added: 0x0000022df9c39b10
Event: 205.748 Thread 0x0000022df9c30ab0 Thread added: 0x0000022df9c3a1a0
Event: 205.748 Thread 0x0000022df9c30ab0 Thread added: 0x0000022df9c3a830
Event: 220.479 Thread 0x0000022df7e456f0 Thread added: 0x0000022df7c42a10
Event: 220.482 Thread 0x0000022df9c2c280 Thread exited: 0x0000022df9c2c280
Event: 220.482 Thread 0x0000022df9c2e350 Thread exited: 0x0000022df9c2e350
Event: 220.524 Thread 0x0000022df9c2bbf0 Thread exited: 0x0000022df9c2bbf0
Event: 220.740 Thread 0x0000022df7e47e50 Thread added: 0x0000022df7c42380
Event: 220.747 Thread 0x0000022df7e47e50 Thread added: 0x0000022df7c45800
Event: 230.988 Thread 0x0000022dadcfa1c0 Thread added: 0x0000022df84a5bf0
Event: 231.684 Thread 0x0000022df84a5bf0 Thread exited: 0x0000022df84a5bf0
Event: 233.179 Thread 0x0000022dadcfa1c0 Thread added: 0x0000022df84a62c0
Event: 233.393 Thread 0x0000022df84a62c0 Thread exited: 0x0000022df84a62c0
Event: 233.493 Thread 0x0000022dadcf7720 Thread added: 0x0000022df84a62c0
Event: 233.571 Thread 0x0000022dadcf7720 Thread added: 0x0000022df84a5bf0


Dynamic libraries:
0x00007ff78b860000 - 0x00007ff78b86e000 	C:\Program Files\Eclipse Adoptium\jdk-21.0.9.10-hotspot\bin\java.exe
0x00007ffe030c0000 - 0x00007ffe03328000 	C:\WINDOWS\SYSTEM32\ntdll.dll
0x00007ffe01890000 - 0x00007ffe01959000 	C:\WINDOWS\System32\KERNEL32.DLL
0x00007ffe00a60000 - 0x00007ffe00e58000 	C:\WINDOWS\System32\KERNELBASE.dll
0x00007ffe00910000 - 0x00007ffe00a5b000 	C:\WINDOWS\System32\ucrtbase.dll
0x00007ffde78b0000 - 0x00007ffde78c8000 	C:\Program Files\Eclipse Adoptium\jdk-21.0.9.10-hotspot\bin\jli.dll
0x00007ffe02190000 - 0x00007ffe02357000 	C:\WINDOWS\System32\USER32.dll
0x00007ffde78d0000 - 0x00007ffde78ee000 	C:\Program Files\Eclipse Adoptium\jdk-21.0.9.10-hotspot\bin\VCRUNTIME140.dll
0x00007ffe00760000 - 0x00007ffe00787000 	C:\WINDOWS\System32\win32u.dll
0x00007ffe014c0000 - 0x00007ffe014eb000 	C:\WINDOWS\System32\GDI32.dll
0x00007ffe00570000 - 0x00007ffe0069c000 	C:\WINDOWS\System32\gdi32full.dll
0x00007ffdef9a0000 - 0x00007ffdefc34000 	C:\WINDOWS\WinSxS\amd64_microsoft.windows.common-controls_6595b64144ccf1df_6.0.26100.7019_none_3e06ffa0e335b8a8\COMCTL32.dll
0x00007ffe00430000 - 0x00007ffe004d3000 	C:\WINDOWS\System32\msvcp_win.dll
0x00007ffe01700000 - 0x00007ffe017a9000 	C:\WINDOWS\System32\msvcrt.dll
0x00007ffe01130000 - 0x00007ffe01161000 	C:\WINDOWS\System32\IMM32.DLL
0x00007ffdfd210000 - 0x00007ffdfd21c000 	C:\Program Files\Eclipse Adoptium\jdk-21.0.9.10-hotspot\bin\vcruntime140_1.dll
0x00007ffdc3b30000 - 0x00007ffdc3bbd000 	C:\Program Files\Eclipse Adoptium\jdk-21.0.9.10-hotspot\bin\msvcp140.dll
0x00007ffd53db0000 - 0x00007ffd54b50000 	C:\Program Files\Eclipse Adoptium\jdk-21.0.9.10-hotspot\bin\server\jvm.dll
0x00007ffe01980000 - 0x00007ffe01a34000 	C:\WINDOWS\System32\ADVAPI32.dll
0x00007ffe01170000 - 0x00007ffe01216000 	C:\WINDOWS\System32\sechost.dll
0x00007ffe02070000 - 0x00007ffe02188000 	C:\WINDOWS\System32\RPCRT4.dll
0x00007ffe03000000 - 0x00007ffe03074000 	C:\WINDOWS\System32\WS2_32.dll
0x00007ffe00070000 - 0x00007ffe000ce000 	C:\WINDOWS\SYSTEM32\POWRPROF.dll
0x00007ffdf4370000 - 0x00007ffdf43a5000 	C:\WINDOWS\SYSTEM32\WINMM.dll
0x00007ffdf8df0000 - 0x00007ffdf8dfb000 	C:\WINDOWS\SYSTEM32\VERSION.dll
0x00007ffe00050000 - 0x00007ffe00064000 	C:\WINDOWS\SYSTEM32\UMPDC.dll
0x00007ffdfefd0000 - 0x00007ffdfefeb000 	C:\WINDOWS\SYSTEM32\kernel.appcore.dll
0x00007ffdef500000 - 0x00007ffdef50a000 	C:\Program Files\Eclipse Adoptium\jdk-21.0.9.10-hotspot\bin\jimage.dll
0x00007ffdf4460000 - 0x00007ffdf46a2000 	C:\WINDOWS\SYSTEM32\DBGHELP.DLL
0x00007ffe02b80000 - 0x00007ffe02f0b000 	C:\WINDOWS\System32\combase.dll
0x00007ffe017b0000 - 0x00007ffe01887000 	C:\WINDOWS\System32\OLEAUT32.dll
0x00007ffdebaf0000 - 0x00007ffdebb2c000 	C:\WINDOWS\SYSTEM32\dbgcore.DLL
0x00007ffe00210000 - 0x00007ffe002b5000 	C:\WINDOWS\System32\bcryptPrimitives.dll
0x00007ffdeacf0000 - 0x00007ffdeacff000 	C:\Program Files\Eclipse Adoptium\jdk-21.0.9.10-hotspot\bin\instrument.dll
0x00007ffde2610000 - 0x00007ffde2630000 	C:\Program Files\Eclipse Adoptium\jdk-21.0.9.10-hotspot\bin\java.dll
0x00007ffe02360000 - 0x00007ffe02aaf000 	C:\WINDOWS\System32\SHELL32.dll
0x00007ffe002c0000 - 0x00007ffe0042b000 	C:\WINDOWS\System32\wintypes.dll
0x00007ffdfde70000 - 0x00007ffdfe6cd000 	C:\WINDOWS\SYSTEM32\windows.storage.dll
0x00007ffe00f60000 - 0x00007ffe01052000 	C:\WINDOWS\System32\SHCORE.dll
0x00007ffe01060000 - 0x00007ffe010c7000 	C:\WINDOWS\System32\shlwapi.dll
0x00007ffe00130000 - 0x00007ffe00159000 	C:\WINDOWS\SYSTEM32\profapi.dll
0x00007ffd9dce0000 - 0x00007ffd9ddb7000 	C:\Program Files\Eclipse Adoptium\jdk-21.0.9.10-hotspot\bin\jsvml.dll
0x00007ffde25f0000 - 0x00007ffde2608000 	C:\Program Files\Eclipse Adoptium\jdk-21.0.9.10-hotspot\bin\zip.dll
0x00007ffde5040000 - 0x00007ffde5050000 	C:\Program Files\Eclipse Adoptium\jdk-21.0.9.10-hotspot\bin\net.dll
0x00007ffdf86f0000 - 0x00007ffdf8818000 	C:\WINDOWS\SYSTEM32\WINHTTP.dll
0x00007ffdff540000 - 0x00007ffdff5ab000 	C:\WINDOWS\system32\mswsock.dll
0x00007ffde2580000 - 0x00007ffde2596000 	C:\Program Files\Eclipse Adoptium\jdk-21.0.9.10-hotspot\bin\nio.dll
0x00007ffde4650000 - 0x00007ffde4660000 	C:\Program Files\Eclipse Adoptium\jdk-21.0.9.10-hotspot\bin\verify.dll
0x00007ffde8ad0000 - 0x00007ffde8af7000 	C:\Users\fmrif\.gradle\native\c067742578af261105cb4f569cf0c3c89f3d7b1fecec35dd04571415982c5e48\windows-amd64\native-platform.dll
0x00007ffd9de90000 - 0x00007ffd9dfd4000 	C:\Users\fmrif\.gradle\native\100fb08df4bc3b14c8652ba06237920a3bd2aa13389f12d3474272988ae205f9\windows-amd64\native-platform-file-events.dll
0x00007ffde2450000 - 0x00007ffde245a000 	C:\Program Files\Eclipse Adoptium\jdk-21.0.9.10-hotspot\bin\management.dll
0x00007ffde2440000 - 0x00007ffde244c000 	C:\Program Files\Eclipse Adoptium\jdk-21.0.9.10-hotspot\bin\management_ext.dll
0x00007ffe01220000 - 0x00007ffe01228000 	C:\WINDOWS\System32\PSAPI.DLL
0x00007ffdff800000 - 0x00007ffdff81b000 	C:\WINDOWS\SYSTEM32\CRYPTSP.dll
0x00007ffdfef30000 - 0x00007ffdfef6a000 	C:\WINDOWS\system32\rsaenh.dll
0x00007ffdff5f0000 - 0x00007ffdff61b000 	C:\WINDOWS\SYSTEM32\USERENV.dll
0x00007ffe00100000 - 0x00007ffe0012a000 	C:\WINDOWS\SYSTEM32\bcrypt.dll
0x00007ffdff820000 - 0x00007ffdff82c000 	C:\WINDOWS\SYSTEM32\CRYPTBASE.dll
0x00007ffdfe9e0000 - 0x00007ffdfea14000 	C:\WINDOWS\SYSTEM32\IPHLPAPI.DLL
0x00007ffe01970000 - 0x00007ffe0197a000 	C:\WINDOWS\System32\NSI.dll
0x00007ffde2430000 - 0x00007ffde2439000 	C:\Program Files\Eclipse Adoptium\jdk-21.0.9.10-hotspot\bin\extnet.dll
0x00007ffde2420000 - 0x00007ffde242e000 	C:\Program Files\Eclipse Adoptium\jdk-21.0.9.10-hotspot\bin\sunmscapi.dll
0x00007ffe00790000 - 0x00007ffe00907000 	C:\WINDOWS\System32\CRYPT32.dll
0x00007ffdffa20000 - 0x00007ffdffa50000 	C:\WINDOWS\SYSTEM32\ncrypt.dll
0x00007ffdff9d0000 - 0x00007ffdffa0f000 	C:\WINDOWS\SYSTEM32\NTASN1.dll
0x00007ffde9fc0000 - 0x00007ffde9fc8000 	C:\WINDOWS\system32\wshunix.dll
0x00007ffdff0f0000 - 0x00007ffdff126000 	C:\WINDOWS\SYSTEM32\ntmarta.dll

JVMTI agents:
C:\Users\fmrif\.gradle\wrapper\dists\gradle-8.11-bin\c4te04g51qsyw1bxcb929u7br\gradle-8.11\lib\agents\gradle-instrumentation-agent-8.11.jar path:C:\Program Files\Eclipse Adoptium\jdk-21.0.9.10-hotspot\bin\instrument.dll, loaded, initialized, instrumentlib options:none

dbghelp: loaded successfully - version: 4.0.5 - missing functions: none
symbol engine: initialized successfully - sym options: 0x614 - pdb path: .;C:\Program Files\Eclipse Adoptium\jdk-21.0.9.10-hotspot\bin;C:\WINDOWS\SYSTEM32;C:\WINDOWS\WinSxS\amd64_microsoft.windows.common-controls_6595b64144ccf1df_6.0.26100.7019_none_3e06ffa0e335b8a8;C:\Program Files\Eclipse Adoptium\jdk-21.0.9.10-hotspot\bin\server;C:\Users\fmrif\.gradle\native\c067742578af261105cb4f569cf0c3c89f3d7b1fecec35dd04571415982c5e48\windows-amd64;C:\Users\fmrif\.gradle\native\100fb08df4bc3b14c8652ba06237920a3bd2aa13389f12d3474272988ae205f9\windows-amd64

VM Arguments:
jvm_args: --add-opens=java.base/java.lang=ALL-UNNAMED --add-opens=java.base/java.lang.invoke=ALL-UNNAMED --add-opens=java.base/java.util=ALL-UNNAMED --add-opens=java.prefs/java.util.prefs=ALL-UNNAMED --add-exports=jdk.compiler/com.sun.tools.javac.api=ALL-UNNAMED --add-exports=jdk.compiler/com.sun.tools.javac.util=ALL-UNNAMED --add-opens=java.base/java.util=ALL-UNNAMED --add-opens=java.prefs/java.util.prefs=ALL-UNNAMED --add-opens=java.base/java.nio.charset=ALL-UNNAMED --add-opens=java.base/java.net=ALL-UNNAMED --add-opens=java.base/java.util.concurrent.atomic=ALL-UNNAMED --add-opens=java.xml/javax.xml.namespace=ALL-UNNAMED -Xmx3G -Dfile.encoding=UTF-8 -Duser.country=ID -Duser.language=en -Duser.variant -javaagent:C:\Users\fmrif\.gradle\wrapper\dists\gradle-8.11-bin\c4te04g51qsyw1bxcb929u7br\gradle-8.11\lib\agents\gradle-instrumentation-agent-8.11.jar 
java_command: org.gradle.launcher.daemon.bootstrap.GradleDaemon 8.11
java_class_path (initial): C:\Users\fmrif\.gradle\wrapper\dists\gradle-8.11-bin\c4te04g51qsyw1bxcb929u7br\gradle-8.11\lib\gradle-daemon-main-8.11.jar
Launcher Type: SUN_STANDARD

[Global flags]
     intx CICompilerCount                          = 4                                         {product} {ergonomic}
     uint ConcGCThreads                            = 3                                         {product} {ergonomic}
     uint G1ConcRefinementThreads                  = 10                                        {product} {ergonomic}
   size_t G1HeapRegionSize                         = 2097152                                   {product} {ergonomic}
    uintx GCDrainStackTargetSize                   = 64                                        {product} {ergonomic}
   size_t InitialHeapSize                          = 268435456                                 {product} {ergonomic}
   size_t MarkStackSize                            = 4194304                                   {product} {ergonomic}
   size_t MaxHeapSize                              = 3221225472                                {product} {command line}
   size_t MaxNewSize                               = 1931476992                                {product} {ergonomic}
   size_t MinHeapDeltaBytes                        = 2097152                                   {product} {ergonomic}
   size_t MinHeapSize                              = 8388608                                   {product} {ergonomic}
    uintx NonNMethodCodeHeapSize                   = 5839372                                {pd product} {ergonomic}
    uintx NonProfiledCodeHeapSize                  = 122909434                              {pd product} {ergonomic}
    uintx ProfiledCodeHeapSize                     = 122909434                              {pd product} {ergonomic}
    uintx ReservedCodeCacheSize                    = 251658240                              {pd product} {ergonomic}
     bool SegmentedCodeCache                       = true                                      {product} {ergonomic}
   size_t SoftMaxHeapSize                          = 3221225472                             {manageable} {ergonomic}
     bool UseCompressedOops                        = true                           {product lp64_product} {ergonomic}
     bool UseG1GC                                  = true                                      {product} {ergonomic}
     bool UseLargePagesIndividualAllocation        = false                                  {pd product} {ergonomic}

Logging:
Log output configuration:
 #0: stdout all=warning uptime,level,tags foldmultilines=false
 #1: stderr all=off uptime,level,tags foldmultilines=false

Release file:
IMPLEMENTOR="Eclipse Adoptium" 
IMPLEMENTOR_VERSION="Temurin-21.0.9+10" 
JAVA_RUNTIME_VERSION="21.0.9+10-LTS" 
JAVA_VERSION="21.0.9" 
JAVA_VERSION_DATE="2025-10-21" 
LIBC="default" 
MODULES="java.base java.compiler java.datatransfer java.xml java.prefs java.desktop java.instrument java.logging java.management java.security.sasl java.naming java.rmi java.management.rmi java.net.http java.scripting java.security.jgss java.transaction.xa java.sql java.sql.rowset java.xml.crypto java.se java.smartcardio jdk.accessibility jdk.internal.jvmstat jdk.attach jdk.charsets jdk.internal.opt jdk.zipfs jdk.compiler jdk.crypto.ec jdk.crypto.cryptoki jdk.crypto.mscapi jdk.dynalink jdk.internal.ed jdk.editpad jdk.hotspot.agent jdk.httpserver jdk.incubator.vector jdk.internal.le jdk.internal.vm.ci jdk.internal.vm.compiler jdk.internal.vm.compiler.management jdk.jartool jdk.javadoc jdk.jcmd jdk.management jdk.management.agent jdk.jconsole jdk.jdeps jdk.jdwp.agent jdk.jdi jdk.jfr jdk.jlink jdk.jpackage jdk.jshell jdk.jsobject jdk.jstatd jdk.localedata jdk.management.jfr jdk.naming.dns jdk.naming.rmi jdk.net jdk.nio.mapmode jdk.random jdk.sctp jdk.security.auth jdk.security.jgss jdk.unsupported jdk.unsupported.desktop jdk.xml.dom" 
OS_ARCH="x86_64" 
OS_NAME="Windows" 
SOURCE=".:git:759062135b07" 
BUILD_SOURCE="git:839fa0b45d809157cffd3dc8515aad262a4a1776"
BUILD_SOURCE_REPO="https://github.com/adoptium/temurin-build.git"
SOURCE_REPO="https://github.com/adoptium/jdk21u.git"
FULL_VERSION="21.0.9+10-LTS"
SEMANTIC_VERSION="21.0.9+10"
BUILD_INFO="OS: Windows Server 2022 Version: 10.0"
JVM_VARIANT="Hotspot"
JVM_VERSION="21.0.9+10-LTS"
IMAGE_TYPE="JDK"

Environment Variables:
JAVA_HOME=C:\Program Files\Eclipse Adoptium\jdk-21.0.9.10-hotspot\
CLASSPATH=D:\Antigravity google\Come alives\add polygamy\MCA source\\gradle\wrapper\gradle-wrapper.jar
PATH=C:\Program Files\Eclipse Adoptium\jdk-21.0.9.10-hotspot\bin;C:\Program Files (x86)\Common Files\Oracle\Java\java8path;C:\Program Files (x86)\Common Files\Oracle\Java\javapath;C:\Python314\Scripts\;C:\Python314\;C:\WINDOWS\system32;C:\WINDOWS;C:\WINDOWS\System32\Wbem;C:\WINDOWS\System32\WindowsPowerShell\v1.0\;C:\WINDOWS\System32\OpenSSH\;C:\Program Files\dotnet\;C:\ProgramData\chocolatey\bin;C:\Program Files\nodejs\;C:\Program Files\Git\cmd;C:\Users\fmrif\AppData\Local\Programs\Python\Python313\Scripts\;C:\Users\fmrif\AppData\Local\Programs\Python\Python313\;C:\Users\fmrif\AppData\Local\Microsoft\WindowsApps;C:\Users\fmrif\.dotnet\tools;C:\Users\fmrif\AppData\Local\Programs\Microsoft VS Code\bin;C:\Users\fmrif\AppData\Local\Programs\Ollama;C:\Users\fmrif\.lmstudio\bin;C:\Users\fmrif\AppData\Local\Programs\cursor\resources\app\bin;C:\Users\fmrif\AppData\Local\Programs\Antigravity\bin;C:\Users\fmrif\AppData\Roaming\npm
USERNAME=fmrif
OS=Windows_NT
PROCESSOR_IDENTIFIER=AMD64 Family 23 Model 113 Stepping 0, AuthenticAMD
TMP=C:\Users\fmrif\AppData\Local\Temp
TEMP=C:\Users\fmrif\AppData\Local\Temp




Periodic native trim disabled

---------------  S Y S T E M  ---------------

OS:
 Windows 11 , 64 bit Build 26100 (10.0.26100.7019)
OS uptime: 3 days 3:45 hours

CPU: total 12 (initial active 12) (12 cores per cpu, 2 threads per core) family 23 model 113 stepping 0 microcode 0x8701030, cx8, cmov, fxsr, ht, mmx, 3dnowpref, sse, sse2, sse3, ssse3, sse4a, sse4.1, sse4.2, popcnt, lzcnt, tsc, tscinvbit, avx, avx2, aes, clmul, bmi1, bmi2, adx, sha, fma, vzeroupper, clflush, clflushopt, rdtscp, rdpid, f16c
Processor Information for the first 12 processors :
  Max Mhz: 3600, Current Mhz: 3600, Mhz Limit: 3600

Memory: 4k page, system-wide physical 16309M (586M free)
TotalPageFile size 65461M (AvailPageFile size 0M)
current process WorkingSet (physical memory assigned to process): 749M, peak: 749M
current process commit charge ("private bytes"): 1220M, peak: 1416M

vm_info: OpenJDK 64-Bit Server VM (21.0.9+10-LTS) for windows-amd64 JRE (21.0.9+10-LTS), built on 2025-10-21T00:00:00Z by "admin" with unknown MS VC++:1942

END.
